gauge_a,gauge_b,area_a,area_b,dist_km,area_ratio
GRDC_6335020,GRDC_6335070,158721.302648701,139227.618222812,161.77369446957533,0.877182935745969
GRDC_6335020,GRDC_6335100,158721.302648701,103274.986712218,209.15326477282503,0.6506687192506053
GRDC_6335020,GRDC_6335050,158721.302648701,147464.836187307,64.19008063385463,0.9290803044484329
GRDC_6335020,GRDC_6335060,158721.302648701,144041.075526608,99.62311258389948,0.9075094087742913
GRDC_6335050,GRDC_6335100,147464.836187307,103274.986712218,145.2073251943662,0.7003363607378243
GRDC_6335050,GRDC_6335150,147464.836187307,98001.9894883323,172.6706075525604,0.6645787024362341
GRDC_6335050,GRDC_6335070,147464.836187307,139227.618222812,97.66499622253227,0.9441411377961845
GRDC_6335050,GRDC_6335060,147464.836187307,144041.075526608,35.43355868054962,0.9767825283015255
GRDC_6335060,GRDC_6335070,144041.075526608,139227.618222812,62.32498015005619,0.9665827453301205
GRDC_6335060,GRDC_6335100,144041.075526608,103274.986712218,109.99821986803262,0.7169828907112021
GRDC_6335060,GRDC_6335150,144041.075526608,98001.9894883323,138.73538759152552,0.6803752966300843
GRDC_6335070,GRDC_6335100,139227.618222812,103274.986712218,47.779390775562554,0.7417708356322132
GRDC_6335070,GRDC_6335150,139227.618222812,98001.9894883323,79.47408507973722,0.7038976227510799
GRDC_6340110,GRDC_6340140,130643.0663888,93737.2109239097,153.97719571386426,0.7175062061460139
GRDC_6340110,GRDC_6340170,130643.0663888,69834.6769484051,172.16768337954218,0.5345456048970388
GRDC_6340110,GRDC_6340180,130643.0663888,94773.446101937,132.99491867480944,0.725438010004195
GRDC_6340110,GRDC_6340160,130643.0663888,97533.0438522194,106.19272609418721,0.7465611956929762
GRDC_6340110,GRDC_6340150,130643.0663888,122264.401020746,63.72530499185661,0.9358659774325971
GRDC_6340150,GRDC_6340180,122264.401020746,94773.446101937,95.70937111496956,0.7751516002262647
GRDC_6340150,GRDC_6340160,122264.401020746,97533.0438522194,51.91184241635262,0.7977223381290671
GRDC_6340150,GRDC_6340170,122264.401020746,69834.6769484051,127.28947614992809,0.5711775166391684
lamah_207274,lamah_207357,103638.85273107103,95553.28200571556,112.32434550107895,0.921983208880781
lamah_207274,lamah_207373,103638.85273107103,103579.39877574178,10.583733592097852,0.9994263352617041
lamah_207274,lamah_207407,103638.85273107103,130852.58360314436,3.846394040871378,0.7920275616826309
lamah_207373,lamah_207407,103579.39877574178,130852.58360314436,14.387233916973246,0.791573203398735
GRDC_6335100,GRDC_6335150,103274.986712218,98001.9894883323,37.64058121103413,0.9489421650706262
GRDC_6335100,GRDC_6335180,103274.986712218,68711.5858724775,66.21713215875079,0.6653265041219176
GRDC_6335100,GRDC_6335170,103274.986712218,53044.0141338552,98.14725639114432,0.5136191813964165
GRDC_6242501,lamah_207373,101164.068190954,103579.39877574178,43.841094368989204,0.976681361223025
GRDC_6242501,lamah_207241,101164.068190954,101101.23147762156,1.7752590361120366,0.9993788633211762
GRDC_6242501,lamah_207274,101164.068190954,103638.85273107103,50.58835301725179,0.9761210735655405
GRDC_6242501,lamah_207407,101164.068190954,130852.58360314436,52.856728911012134,0.773114793803147
GRDC_6242501,lamah_207134,101164.068190954,94400.7998895742,74.18806591875425,0.933145548391612
GRDC_6242501,lamah_207357,101164.068190954,95553.28200571556,63.43682120691389,0.9445377564823936
lamah_207241,lamah_207357,101101.23147762156,95553.28200571556,64.69366610902496,0.9451248081668122
lamah_207241,lamah_207274,101101.23147762156,103638.85273107103,48.99264856571567,0.975514768963776
lamah_207241,lamah_207407,101101.23147762156,130852.58360314436,51.3111169765571,0.7726345838477745
lamah_207241,lamah_207373,101101.23147762156,103579.39877574178,42.13406256575338,0.9760747086060457
GRDC_6335150,GRDC_6335200,98001.9894883323,50535.7716609646,107.50168480931525,0.5156606710211855
GRDC_6335150,GRDC_6335180,98001.9894883323,68711.5858724775,41.39052233938033,0.7011243978945755
GRDC_6335150,GRDC_6335170,98001.9894883323,53044.0141338552,77.0164102289104,0.5412544623920149
GRDC_6340160,GRDC_6340180,97533.0438522194,94773.446101937,51.163108741711106,0.971706022479277
GRDC_6340160,GRDC_6340170,97533.0438522194,69834.6769484051,76.18214414054857,0.7160104328766521
GRDC_6340160,GRDC_6340190,97533.0438522194,55367.2606335628,130.03523050682222,0.5676769476963566
lamah_207357,lamah_207373,95553.28200571556,103579.39877574178,103.77492542757628,0.9225124217277662
lamah_207357,lamah_207407,95553.28200571556,130852.58360314436,115.09966595071748,0.7302361128421727
GRDC_6340180,GRDC_6340190,94773.446101937,55367.2606335628,113.08376108925385,0.5842064724966373
lamah_207134,lamah_207407,94400.7998895742,130852.58360314436,122.8773230174284,0.7214286282331056
lamah_207134,lamah_207274,94400.7998895742,103638.85273107103,119.73356023684451,0.9108630344889252
lamah_207134,lamah_207357,94400.7998895742,95553.28200571556,19.24581824646279,0.9879388536746188
lamah_207134,lamah_207373,94400.7998895742,103579.39877574178,110.29337906173123,0.9113858644223257
lamah_207134,lamah_207241,94400.7998895742,101101.23147762156,75.12159941494188,0.9337255195597645
GRDC_6340140,GRDC_6340190,93737.2109239097,55367.2606335628,90.9313530945477,0.5906646900184245
GRDC_6340140,GRDC_6340150,93737.2109239097,122264.401020746,111.56070436720451,0.766676237247539
GRDC_6340140,GRDC_6340160,93737.2109239097,97533.0438522194,61.968167241360156,0.9610815701183172
GRDC_6340140,GRDC_6340170,93737.2109239097,69834.6769484051,18.71898623089746,0.7450048519695422
GRDC_6340140,GRDC_6340180,93737.2109239097,94773.446101937,22.617463999647793,0.9890661865675673
GRDC_6342900,lamah_207357,76327.0705782948,95553.28200571556,146.17907823144458,0.7987906744399347
GRDC_6342900,lamah_207134,76327.0705782948,94400.7998895742,140.2557755914594,0.8085426253546449
GRDC_6342900,lamah_10088003,76327.0705782948,47398.46251812284,30.3517274134185,0.6209915061459411
GRDC_6340170,GRDC_6340190,69834.6769484051,55367.2606335628,73.4649423269561,0.79283334659755
GRDC_6340170,GRDC_6340180,69834.6769484051,94773.446101937,41.2831444442926,0.73685910791185
GRDC_6335180,GRDC_6335200,68711.5858724775,50535.7716609646,66.91450049497323,0.7354767179257721
GRDC_6340130,GRDC_6340180,61510.8032178817,94773.446101937,75.0565760666576,0.649029931355683
GRDC_6340130,GRDC_6340190,61510.8032178817,55367.2606335628,41.49979381774752,0.900122543310686
GRDC_6340130,GRDC_6340160,61510.8032178817,97533.0438522194,88.68400371824671,0.6306662930676289
GRDC_6340130,GRDC_6340140,61510.8032178817,93737.2109239097,54.50226294986065,0.6562047516840726
GRDC_6340130,GRDC_6340150,61510.8032178817,122264.401020746,139.60330412667955,0.5030965898851004
GRDC_6340130,GRDC_6340170,61510.8032178817,69834.6769484051,40.633001354045774,0.8808060107921283
GRDC_6172350,GRDC_6172351,56080.824261961,47709.120031196,49.70929677851293,0.8507207349225172
GRDC_6854700,GRDC_6854703,53527.6552708821,30772.0117669079,116.3714992057892,0.5748806221976852
GRDC_6854700,GRDC_6854702,53527.6552708821,49708.2788604227,83.20689386461045,0.9286466707512022
GRDC_6335170,GRDC_6336050,53044.0141338552,27046.9520613182,129.54318667894927,0.5098964040139555
GRDC_6335170,GRDC_6335180,53044.0141338552,68711.5858724775,35.62986136013076,0.77198064140595
GRDC_6335170,GRDC_6335200,53044.0141338552,50535.7716609646,33.23863864623991,0.9527139392851922
GRDC_6340120,GRDC_6340140,52913.9646078582,93737.2109239097,164.47938952392258,0.564492628768426
GRDC_6340120,GRDC_6340130,52913.9646078582,61510.8032178817,116.3843784139242,0.8602385571267531
GRDC_6340120,GRDC_6340170,52913.9646078582,69834.6769484051,146.21156272559725,0.7577032918323918
GRDC_6340120,GRDC_6340190,52913.9646078582,55367.2606335628,75.03645973014005,0.9556904929441742
GRDC_6140400,GRDC_6340190,50934.2355652299,55367.2606335628,120.23695563568772,0.9199341810014406
GRDC_6140400,GRDC_6340120,50934.2355652299,52913.9646078582,45.309148983486956,0.9625858871604134
GRDC_6140400,GRDC_6140401,50934.2355652299,48375.4200440721,18.352129050022974,0.9497623652782459
GRDC_6854702,GRDC_6854703,49708.2788604227,30772.0117669079,51.507242520680514,0.619052046708628
GRDC_6233315,GRDC_6233320,48425.6082519233,48417.5017978036,2.9350408081016983,0.9998325998492877
GRDC_6140401,GRDC_6340120,48375.4200440721,52913.9646078582,50.29773515841158,0.9142278489729329
GRDC_6140401,GRDC_6340190,48375.4200440721,55367.2606335628,124.11871184633469,0.8737188636482343
lamah_10088003,lamah_18008008,47398.46251812284,25920.23267829393,27.36346249642977,0.5468580899303075
lamah_10088003,lamah_207134,47398.46251812284,94400.7998895742,170.500542453697,0.5020981027021744
GRDC_6212410,GRDC_6212440,41644.3270972712,46301.8813276237,33.77532351880954,0.8994089635927212
GRDC_6232910,GRDC_6832755,40141.4405492651,40141.4405492538,0.0,0.9999999999997186
GRDC_6232910,GRDC_6854700,40141.4405492651,53527.6552708821,35.82389852021351,0.7499196508071443
GRDC_6232910,GRDC_6854702,40141.4405492651,49708.2788604227,81.37391943312554,0.8075403427662301
GRDC_6232910,GRDC_6832917,40141.4405492651,33365.7760233423,83.90473559587532,0.8312052474148977
GRDC_6832755,GRDC_6854702,40141.4405492538,49708.2788604227,81.37391943312554,0.8075403427660027
GRDC_6832755,GRDC_6854700,40141.4405492538,53527.6552708821,35.82389852021351,0.7499196508069332
GRDC_6832755,GRDC_6832917,40141.4405492538,33365.7760233423,83.90473559587532,0.8312052474151317
GRDC_6729400,GRDC_6729403,39682.4812082193,39660.3260110672,3.351691252648349,0.999441688209065
GRDC_6337200,GRDC_6337515,38365.8179048031,22141.7327251271,13.700053074203366,0.5771213526599971
GRDC_6337200,GRDC_6337517,38365.8179048031,19874.9417413067,41.23491489089753,0.5180377436660489
lamah_10078000,lamah_18008008,37504.20227834277,25920.23267829393,62.18055134051777,0.6911287563437088
lamah_10078000,lamah_10088003,37504.20227834277,47398.46251812284,35.17214540702551,0.7912535615264525
lamah_10062000,lamah_10088003,35218.72646688698,47398.46251812284,81.19796642665263,0.7430352082289816
lamah_10062000,lamah_10078000,35218.72646688698,37504.20227834277,47.22566472999198,0.9390608072531765
GRDC_6935051,GRDC_6935053,34667.663447881,34234.1047430798,13.438916381737219,0.9874938584928572
GRDC_6935051,GRDC_6935300,34667.663447881,17351.2418709146,46.566513302147925,0.5005022013381512
GRDC_6935053,GRDC_6935300,34234.1047430798,17351.2418709146,33.234988300575324,0.5068408244098173
GRDC_6335400,GRDC_6935053,34234.1047430796,34234.1047430798,0.0,0.9999999999999942
GRDC_6335400,GRDC_6935051,34234.1047430796,34667.663447881,13.438916381737219,0.9874938584928515
GRDC_6335400,GRDC_6935300,34234.1047430796,17351.2418709146,33.234988300575324,0.5068408244098201
GRDC_6832917,GRDC_6854702,33365.7760233423,49708.2788604227,81.3373924634447,0.6712317704065156
GRDC_6832917,GRDC_6854700,33365.7760233423,53527.6552708821,113.4776128345523,0.6233371488904461
GRDC_6233650,GRDC_6233652,30739.2297945392,20930.9717467576,35.91849072560155,0.680920500827772
GRDC_6854701,GRDC_6854703,28729.2964608148,30772.0117669079,32.03405474775756,0.9336177523404618
GRDC_6854701,GRDC_6854702,28729.2964608148,49708.2788604227,81.44653042436265,0.5779579804298719
GRDC_6233201,GRDC_6233221,28357.7045333899,20162.4344889049,74.71390205412983,0.7110037579087036
GRDC_6233501,GRDC_6233502,27464.9402390488,27357.2058934243,10.153979354454426,0.9960773864903107
GRDC_6233501,GRDC_6233510,27464.9402390488,13815.8887830724,52.208973522728044,0.503037278174354
GRDC_6233502,GRDC_6233510,27357.2058934243,13815.8887830724,43.65360091719486,0.5050182696615684
GRDC_6336050,GRDC_6336500,27046.9520613182,23748.3439098337,60.62490711460684,0.8780414094717136
GRDC_6342910,lamah_10088003,26360.3815576852,47398.46251812284,86.04849517913067,0.5561442324760278
GRDC_6342910,lamah_10078000,26360.3815576852,37504.20227834277,54.07112774237667,0.7028647446504229
GRDC_6342910,lamah_10062000,26360.3815576852,35218.72646688698,12.361925243171303,0.7484762852645881
GRDC_6342910,lamah_10053009,26360.3815576852,22927.983559845165,11.498367361796925,0.8697895176392338
GRDC_6342910,lamah_10046105,26360.3815576852,20101.53124801481,47.989193325965196,0.7625660199199331
GRDC_6854500,GRDC_6854600,25804.1936956256,16407.8774619819,34.348378833025436,0.6358608858514115
GRDC_6854500,GRDC_6854591,25804.1936956256,20767.9903595454,79.66086932004245,0.804830044469324
GRDC_6233401,GRDC_6233650,25587.1035970199,30739.2297945392,72.95111759567179,0.8323924759352764
GRDC_6226300,GRDC_6226400,24945.1608176925,41219.0490322154,88.73335062138845,0.6051852578693947
GRDC_6335304,GRDC_6335600,24732.4159308561,12622.8003976488,77.47290384748257,0.510374741915149
GRDC_6243850,lamah_10078000,24264.4433049643,37504.20227834277,70.90541846347381,0.6469793204740708
GRDC_6243850,lamah_18008008,24264.4433049643,25920.23267829393,14.020852706867851,0.9361198105788526
GRDC_6243850,lamah_18005000,24264.4433049643,13259.729146902013,56.15207359487494,0.5464674783694371
GRDC_6243850,lamah_10088003,24264.4433049643,47398.46251812284,35.91113431392264,0.5119246915590726
lamah_207308,lamah_207324,24096.84083923089,25533.57327342266,25.311751569871603,0.9437316344717316
GRDC_6340300,GRDC_6340301,23429.439097322,17890.2488199406,45.029707590955766,0.7635799024307615
GRDC_6340300,GRDC_6340501,23429.439097322,18184.0724698703,84.86746810183759,0.7761206913377945
lamah_10053009,lamah_10062000,22927.983559845165,35218.72646688698,23.281445730491892,0.6510168271246917
lamah_10053009,lamah_10078000,22927.983559845165,37504.20227834277,64.6451266734338,0.6113443872151146
GRDC_6337515,GRDC_6337518,22141.7327251271,19057.0835747098,70.01720964923848,0.8606861897977501
GRDC_6337515,GRDC_6337517,22141.7327251271,19874.9417413067,29.37672487777448,0.8976235955893379
GRDC_6335240,GRDC_6335301,21469.7472285285,12666.9940097377,79.36448750032511,0.589992694134102
GRDC_6335240,GRDC_6335304,21469.7472285285,24732.4159308561,56.94412816976885,0.8680812779694077
GRDC_6335240,GRDC_6335302,21469.7472285285,17873.4410615629,42.11638255736017,0.8324942474317111
GRDC_6335240,GRDC_6335500,21469.7472285285,14115.1682948621,50.97218918548579,0.6574445495150587
GRDC_6335240,GRDC_6335600,21469.7472285285,12622.8003976488,34.89248882873819,0.5879342808878493
GRDC_6221100,GRDC_6221101,20477.345492476,16554.8854807856,33.96980551920662,0.8084488044052569
lamah_10046105,lamah_10062000,20101.53124801481,35218.72646688698,59.92123382141705,0.5707625818586735
lamah_10046105,lamah_10053009,20101.53124801481,22927.983559845165,36.65011025975499,0.8767247758856365
lamah_10046105,lamah_10078000,20101.53124801481,37504.20227834277,97.68135345827244,0.5359807708701131
GRDC_6337517,GRDC_6337518,19874.9417413067,19057.0835747098,40.78352080937297,0.9588497829456717
GRDC_6335302,GRDC_6335500,17873.4410615629,14115.1682948621,33.49440832347447,0.7897286396192046
GRDC_6335302,GRDC_6335304,17873.4410615629,24732.4159308561,64.32217552905213,0.7226726702127
GRDC_6337100,GRDC_6337514,17573.8521722413,15877.0406829492,49.634276214379845,0.9034468099161383
GRDC_6337100,GRDC_6337515,17573.8521722413,22141.7327251271,78.6194586573924,0.7936981441519237
GRDC_6337100,GRDC_6337516,17573.8521722413,14744.1853940082,70.83891282977412,0.8389842619307629
GRDC_6337100,GRDC_6337517,17573.8521722413,19874.9417413067,49.44240921456039,0.8842215690985914
GRDC_6337100,GRDC_6337518,17573.8521722413,19057.0835747098,8.695681147971344,0.9221690246225891
GRDC_6935300,GRDC_6935302,17351.2418709146,9902.58759777677,40.907568580249546,0.5707134781157192
GRDC_6935300,GRDC_6935301,17351.2418709146,11480.6261656756,4.845372594776374,0.6616601999491605
GRDC_6221101,GRDC_6221102,16554.8854807856,10163.7496941763,61.49061234883801,0.6139426156691231
GRDC_6337514,GRDC_6337517,15877.0406829492,19874.9417413067,74.00149215563091,0.7988471558611647
GRDC_6337514,GRDC_6337518,15877.0406829492,19057.0835747098,50.66749020339168,0.833130663498755
GRDC_6337514,GRDC_6337519,15877.0406829492,12953.2087108153,38.455596926175005,0.8158452805834348
GRDC_6337514,GRDC_6337516,15877.0406829492,14744.1853940082,36.464707755000376,0.928648208972746
GRDC_6337250,GRDC_6337515,15494.8603583884,22141.7327251271,13.417235383454997,0.6998034232797132
GRDC_6337250,GRDC_6337517,15494.8603583884,19874.9417413067,28.049317306981806,0.7796179007752742
GRDC_6337250,GRDC_6337501,15494.8603583884,7757.36755710172,24.75899943546258,0.5006413338150635
GRDC_6337250,GRDC_6337518,15494.8603583884,19057.0835747098,67.87499112965521,0.8130761612942318
lamah_10039802,lamah_10053009,14980.750354518772,22927.983559845165,81.13203910073628,0.6533828112453487
lamah_10039802,lamah_10046105,14980.750354518772,20101.53124801481,46.0946462104434,0.7452541883344456
GRDC_6730501,GRDC_6830511,14920.892822331,11634.0222045925,41.28613683684888,0.7797135428237054
GRDC_6337516,GRDC_6337519,14744.1853940082,12953.2087108153,5.934924112834076,0.8785299672153658
GRDC_6337516,GRDC_6337518,14744.1853940082,19057.0835747098,75.66505625627175,0.7736852984983944
GRDC_6935054,GRDC_6935300,14690.9954487031,17351.2418709146,9.68150031932786,0.8466826500372404
GRDC_6935054,GRDC_6935301,14690.9954487031,11480.6261656756,14.497356048759272,0.7814736724793617
GRDC_6935054,GRDC_6935302,14690.9954487031,9902.58759777677,50.58897813478129,0.6740583122739281
GRDC_6935054,GRDC_6935055,14690.9954487031,11850.3928167405,25.233757502233765,0.8066432841885222
GRDC_6729401,GRDC_6729402,14586.3995471146,19358.9779982356,70.35511383727037,0.7534695038366189
lamah_18005000,lamah_18606000,13259.729146902013,6665.422135803314,13.240651758412955,0.5026816205639174
lamah_18005000,lamah_18008008,13259.729146902013,25920.23267829393,62.7665702165668,0.5115590323387007
GRDC_6212460,GRDC_6212740,12837.5447668255,15522.9064485974,12.005490831080921,0.82700651513528
GRDC_6335301,GRDC_6335500,12666.9940097377,14115.1682948621,33.844609087469024,0.8974029742421468
GRDC_6335301,GRDC_6335303,12666.9940097377,11943.837194899,39.720488256390766,0.942910147878591
GRDC_6335301,GRDC_6335530,12666.9940097377,6941.7559592454,56.273185950049395,0.5480192028123605
GRDC_6335301,GRDC_6335302,12666.9940097377,17873.4410615629,44.41250352857556,0.7087048300384787
GRDC_6335600,GRDC_6335601,12622.8003976488,7866.58899924076,42.364736730779384,0.6232047367798067
GRDC_6337400,GRDC_6337514,12385.5846103864,15877.0406829492,61.38261274962559,0.7800940274523342
GRDC_6337400,GRDC_6337519,12385.5846103864,12953.2087108153,23.86108406559406,0.9561788809937911
GRDC_6337400,GRDC_6337507,12385.5846103864,6323.8975626633,25.346130636698884,0.5105853103906098
GRDC_6337400,GRDC_6337516,12385.5846103864,14744.1853940082,28.324157521887237,0.8400318009715004
GRDC_6335303,GRDC_6335530,11943.837194899,6941.7559592454,17.38171833293627,0.5811998142615423
GRDC_6335303,GRDC_6335500,11943.837194899,14115.1682948621,61.361183683814104,0.84617037114935
lamah_18003004,lamah_18005000,11891.119131517957,13259.729146902013,42.72990990457277,0.8967844666944937
lamah_18003004,lamah_18606000,11891.119131517957,6665.422135803314,45.903392267553876,0.5605378318123403
lamah_18003004,lamah_203539,11891.119131517957,6098.704183589304,53.21543227071095,0.5128789070344446
lamah_18003004,lamah_201889,11891.119131517957,9278.986800261706,60.581310057975195,0.7803291429203939
GRDC_6935055,GRDC_6935301,11850.3928167405,11480.6261656756,39.3741985647046,0.9687970975491591
GRDC_6935055,GRDC_6935300,11850.3928167405,17351.2418709146,34.72464141914292,0.6829708734914808
GRDC_6336800,GRDC_6336900,11528.5621810751,6923.84261502687,21.342531765654574,0.6005816255554242
GRDC_6935301,GRDC_6935302,11480.6261656756,9902.58759777677,36.115976613441866,0.8625476916392594
lamah_10035801,lamah_10046105,11267.718346337932,20101.53124801481,71.28260959521748,0.5605402995083129
lamah_10035801,lamah_10039802,11267.718346337932,14980.750354518772,27.32779734364972,0.7521464599361108
lamah_18001508,lamah_201889,10137.018244518287,9278.986800261706,37.030772011272404,0.9153566242498802
lamah_18001508,lamah_18005000,10137.018244518287,13259.729146902013,62.357639469400226,0.7644966297736698
lamah_18001508,lamah_18003004,10137.018244518287,11891.119131517957,23.799208220789623,0.8524864760331645
lamah_18001508,lamah_201806,10137.018244518287,8477.25628717652,51.07382398103411,0.836267241776022
camelsgb_39001,camelsgb_39072,9899.68263379628,7102.883160303929,21.02357500603888,0.7174859460701875
lamah_211490,lamah_211573,9758.922401584476,6970.799286658974,49.0976460213345,0.7143001040286152
lamah_211490,lamah_211870,9758.922401584476,7278.618178178205,31.113604538694528,0.7458424074564253
lamah_18000403,lamah_201889,9693.243548806313,9278.986800261706,15.54221719671426,0.9572633508630224
lamah_18000403,lamah_18001508,9693.243548806313,10137.018244518287,23.689008164209184,0.9562223639133776
lamah_18000403,lamah_201806,9693.243548806313,8477.25628717652,33.813346912859,0.8745531095440662
lamah_18000403,lamah_18003004,9693.243548806313,11891.119131517957,46.262754725502305,0.8151666333166174
lamah_18000403,lamah_201681,9693.243548806313,7204.316390195942,41.70008625464458,0.7432307208543344
lamah_16008506,lamah_18005000,8921.107093713093,13259.729146902013,58.45069859784,0.6727970831740111
GRDC_6342925,lamah_16008506,8806.89210083831,8921.107093713093,17.677857671072275,0.9871972176014708
GRDC_6342925,lamah_18005000,8806.89210083831,13259.729146902013,46.52111891438859,0.6641834085197691
GRDC_6342925,lamah_16007004,8806.89210083831,8027.402968053077,44.2620413983795,0.9114910091028554
lamah_201806,lamah_201889,8477.25628717652,9278.986800261706,19.378161358989747,0.9135971921996296
GRDC_6338100,GRDC_6338140,8455.73139037041,8453.52171752215,0.9652685661245934,0.9997386775021286
GRDC_6338100,GRDC_6338110,8455.73139037041,4957.69599770113,16.251308568785173,0.5863119071340266
lamah_16007004,lamah_18005000,8027.402968053077,13259.729146902013,53.44603901330827,0.6053972052610584
lamah_16007004,lamah_18003004,8027.402968053077,11891.119131517957,52.6013600199632,0.6750754810601532
GRDC_6832750,GRDC_6854707,7997.98305859917,4388.34330693114,50.030701200796805,0.5486812456064079
GRDC_6335601,GRDC_6335602,7866.58899924076,3967.64916444419,44.81093852198723,0.5043671615266955
GRDC_6337501,GRDC_6337510,7757.36755710172,6417.81290408479,7.3152851433727415,0.8273183985215972
GRDC_6337501,GRDC_6337509,7757.36755710172,5276.22011736505,32.95033518010074,0.6801560037637733
GRDC_6854102,GRDC_6854116,7723.16178421141,4210.64598238366,14.708140181334613,0.5451971744255772
GRDC_6854102,GRDC_6854103,7723.16178421141,7718.83300685131,23.77820328283645,0.9994395070981227
GRDC_6854103,GRDC_6854116,7718.83300685131,4210.64598238366,33.08071747648519,0.545502924942961
GRDC_6854103,GRDC_6854104,7718.83300685131,6239.09472070549,38.483433600570386,0.8082950771402374
GRDC_6854704,GRDC_6854705,7662.78724784978,10968.7862912662,19.82113794070031,0.6985993750239448
lamah_10026301,lamah_10035801,7552.368215689618,11267.718346337932,42.657221204501106,0.6702659743127302
camelsgb_28009,camelsgb_28022,7441.592112987804,8182.03790576127,27.589200672842,0.9095035000690854
GRDC_6731910,GRDC_6731920,7324.59525428429,7899.08629071656,45.73120384766676,0.9272712038723461
lamah_201681,lamah_201806,7204.316390195942,8477.25628717652,7.929856191787739,0.8498405788549599
lamah_201681,lamah_201889,7204.316390195942,9278.986800261706,27.274216997023345,0.7764119666591993
lamah_211573,lamah_211870,6970.799286658974,7278.618178178205,20.13208441475893,0.9577091579769779
lamah_211573,lamah_211763,6970.799286658974,6773.203026707385,12.8821706654916,0.9716537154742416
GRDC_6335530,GRDC_6335800,6941.7559592454,4249.76832218583,13.732959168424397,0.612203648059071
GRDC_6336900,GRDC_6836310,6923.84261502687,4216.93488126029,42.79053300511717,0.609045455786104
camelsgb_54032,camelsgb_55023,6842.050194671856,4003.063804170072,43.62156721224953,0.5850678802805916
camelsgb_54032,camelsgb_54057,6842.050194671856,9853.050268952784,11.312632967029648,0.6944093461322666
lamah_211763,lamah_211870,6773.203026707385,7278.618178178205,31.998369696573167,0.930561661692038
GRDC_6233523,GRDC_6733570,6675.05698712695,4933.04152492492,36.204555400397396,0.7390261288313253
lamah_18606000,lamah_203539,6665.422135803314,6098.704183589304,25.300257311426734,0.9149764350002854
lamah_18606000,lamah_204297,6665.422135803314,4393.861576096623,40.936583755411355,0.6592022960548884
GRDC_6935500,lamah_200014,6341.70220825682,4656.10077566928,14.32145350893093,0.7342036290520063
GRDC_6935500,lamah_200196,6341.70220825682,6289.1216285714645,8.022950705879373,0.9917087592638935
GRDC_6337507,GRDC_6337513,6323.8975626633,5465.58611063752,26.048818669589828,0.864274927997995
GRDC_6337507,GRDC_6337511,6323.8975626633,5153.14750291083,35.452777916211815,0.814868908271909
lamah_211292,lamah_211573,6197.239014759598,6970.799286658974,38.59629673404572,0.8890284686033278
lamah_211292,lamah_211763,6197.239014759598,6773.203026707385,27.4887214081488,0.9149643071857279
lamah_203539,lamah_204297,6098.704183589304,4393.861576096623,15.981553265217306,0.7204582225712544
lamah_205922,lamah_206409,5908.979782987756,3410.2481866734724,33.682803613984376,0.57712977737574
GRDC_6243030,lamah_201525,5755.17804765592,5749.858371478595,2.1015353806706534,0.9990756713114216
GRDC_6243030,lamah_201681,5755.17804765592,7204.316390195942,32.008990825445075,0.7988513740856669
GRDC_6243030,lamah_230078,5755.17804765592,5270.893669067991,24.662980735043227,0.9158524072447807
GRDC_6243030,lamah_201806,5755.17804765592,8477.25628717652,39.725753906883455,0.6788963141720432
GRDC_6243030,lamah_201459,5755.17804765592,5091.08953677091,39.439916599344485,0.8846102578606595
lamah_201525,lamah_201806,5749.858371478595,8477.25628717652,41.61684703209082,0.6782687908322839
lamah_201525,lamah_201681,5749.858371478595,7204.316390195942,33.854788944222854,0.7981129728426891
lamah_201525,lamah_230078,5749.858371478595,5270.893669067991,23.64788496755309,0.9166997391124547
GRDC_6337509,GRDC_6337510,5276.22011736505,6417.81290408479,32.86400026231783,0.8221212111071138
GRDC_6212710,GRDC_6212750,5163.84841750919,4216.56498876605,5.95866348324211,0.8165547568106062
GRDC_6337511,GRDC_6337512,5153.14750291083,4283.70676025077,22.890728627139076,0.8312796708867844
GRDC_6337511,GRDC_6337513,5153.14750291083,5465.58611063752,23.498703797039802,0.9428352968186524
lamah_201459,lamah_230078,5091.08953677091,5270.893669067991,15.594613630531127,0.9658873535331867
lamah_201459,lamah_201525,5091.08953677091,5749.858371478595,38.11703320021873,0.8854286849958914
lamah_205757,lamah_206409,4987.623446216478,3410.2481866734724,33.77288212869331,0.6837421115381968
lamah_205757,lamah_205922,4987.623446216478,5908.979782987756,2.108766325572282,0.8440752260781281
GRDC_6338110,GRDC_6338130,4957.69599770113,3757.93283779535,36.13422343711064,0.7579998530643858
GRDC_6338110,GRDC_6338160,4957.69599770113,3097.93850574144,13.305453271288728,0.6248746407964396
GRDC_6338110,GRDC_6338140,4957.69599770113,8453.52171752215,15.312546370219163,0.5864651636755128
GRDC_6335080,GRDC_6335083,4713.97757114408,4177.62013256756,23.99610970790965,0.8862197729026645
lamah_200014,lamah_200196,4656.10077566928,6289.1216285714645,21.99978730292173,0.7403419826572641
camelsgb_54001,camelsgb_54095,4315.276474522324,3710.019871584952,31.351974976922357,0.8597409444074217
camelsgb_54001,camelsgb_54032,4315.276474522324,6842.050194671856,37.979882881392506,0.6306993301339386
GRDC_6836310,GRDC_6836320,4216.93488126029,2143.92584366951,26.891316288256455,0.508408572585965
GRDC_6335030,GRDC_6335080,4097.88324143436,4713.97757114408,37.44648985943482,0.8693047812783304
GRDC_6335113,GRDC_6335115,4036.70796642169,4006.16550221447,3.761139726842528,0.9924338187301932
GRDC_6335113,GRDC_6335116,4036.70796642169,2826.98572353479,22.35004405471479,0.7003196037588894
GRDC_6232905,GRDC_6832907,4025.80587703295,4027.06775631258,0.6783120819063604,0.9996866505964167
GRDC_6335115,GRDC_6335116,4006.16550221447,2826.98572353479,19.878079490098564,0.7056587457438116
lamah_14006000,lamah_14008006,3976.271105868004,5367.484298440431,16.80308824852684,0.7408072170836799
lamah_14006000,lamah_15207507,3976.271105868004,2608.3068296816487,6.6938752889022455,0.6559680565624476
lamah_14006000,lamah_15205501,3976.271105868004,2167.208662900346,30.260714717323037,0.545035437775376
GRDC_6233133,GRDC_6233440,3863.55062890364,2239.29748421324,14.583793401756433,0.5795957395926983
GRDC_6233132,GRDC_6233440,3850.99500520312,2239.29748421324,14.05519926036665,0.5814854293988181
GRDC_6233132,GRDC_6233133,3850.99500520312,3863.55062890364,0.9540681348043327,0.9967502370470857
lamah_201319,lamah_230078,3829.6610867591926,5270.893669067991,25.539234157548798,0.726567699370107
lamah_201319,lamah_201459,3829.6610867591926,5091.08953677091,10.01593497830461,0.7522281938078436
GRDC_6855410,GRDC_6855470,3789.42565662753,6120.8314662548,18.230103400128566,0.6191030871409036
lamah_213199,lamah_213215,3661.4924205499833,4776.104102991983,11.818441143481321,0.7666274313946061
GRDC_6854320,GRDC_6854800,3645.68890691848,3829.2556618835,19.857609876782465,0.9520620268862567
lamah_203323,lamah_204297,3547.3083716920023,4393.861576096623,26.290646255100494,0.8073327550849534
lamah_203323,lamah_203539,3547.3083716920023,6098.704183589304,42.130246357273414,0.5816495217520593
lamah_203323,lamah_203968,3547.3083716920023,2139.686921670436,31.928916183454515,0.6031860491028705
GRDC_6830102,GRDC_6830104,3487.07138136428,5134.78316073301,40.03543995469841,0.6791078166709745
GRDC_6854708,GRDC_6854709,3216.67035784392,2832.09073746234,14.893233478214206,0.8804417059883757
GRDC_6338160,GRDC_6338161,3097.93850574144,2263.69299893804,16.90869344191173,0.7307094684877429
GRDC_6337506,GRDC_6337511,2975.86286603445,5153.14750291083,34.22133050951296,0.5774845110398045
GRDC_6337506,GRDC_6337513,2975.86286603445,5465.58611063752,27.85797234883172,0.5444727803743884
GRDC_6337506,GRDC_6337508,2975.86286603445,2517.90428050491,26.311890132897215,0.8461089753978474
GRDC_6731500,GRDC_6731501,2951.11646624546,2966.76533044223,5.363002511771363,0.9947252773799815
GRDC_6338120,GRDC_6338150,2929.49686399636,1789.95377443205,24.299292410145593,0.6110106470604756
GRDC_6338120,GRDC_6338130,2929.49686399636,3757.93283779535,24.689443277383756,0.7795500852311652
GRDC_6335045,GRDC_6335046,2881.69589677381,1494.11871626441,21.458842687757052,0.5184859089181284
GRDC_6730100,GRDC_6730330,2776.92483231465,2758.00799792845,2.2483136977584572,0.9931878478790397
lamah_205468,lamah_206409,2763.164556283824,3410.2481866734724,10.545106695404154,0.8102532147313165
GRDC_6503350,GRDC_6503351,2748.90240521744,2390.84777637997,17.711465049505996,0.8697463292411258
GRDC_6213520,GRDC_6213530,2738.74759206124,4064.70309806166,34.899422564489065,0.6737878575601918
GRDC_6342620,lamah_15205501,2660.16119703399,2167.208662900346,27.66412002142855,0.8146907282598991
GRDC_6342620,lamah_15207507,2660.16119703399,2608.3068296816487,11.189928865531831,0.9805070582150595
GRDC_6342620,lamah_14006000,2660.16119703399,3976.271105868004,12.29087697337545,0.6690090102529082
lamah_12003500,lamah_12006000,2626.7238981984483,3966.059978934725,10.91872079572437,0.6623005986167613
camelsgb_33026,camelsgb_33039,2557.706022863656,1656.8267404931632,14.61017058774829,0.6477784099042582
lamah_212357,lamah_213215,2551.961012492521,4776.104102991983,14.453957841983248,0.5343185486459244
lamah_212357,lamah_213199,2551.961012492521,3661.4924205499833,2.930579550851343,0.6969729059576197
GRDC_6503851,GRDC_6503852,2520.94656481246,1711.27919425988,9.96389892505008,0.6788240647961479
GRDC_6503851,GRDC_6503853,2520.94656481246,1390.80846798769,22.69440312487798,0.551700891800202
GRDC_6337508,GRDC_6337512,2517.90428050491,4283.70676025077,36.074876294431945,0.5877863311907725
lamah_201194,lamah_201319,2454.366999074503,3829.6610867591926,17.41679697649647,0.640883603920023
lamah_201194,lamah_2067,2454.366999074503,1936.8184634239128,26.007167625053363,0.7891315618871391
GRDC_6212700,GRDC_6212750,2416.48513557996,4216.56498876605,15.794181733873433,0.5730932979849858
GRDC_6503351,GRDC_6503352,2390.84777637997,1698.18185683292,26.481138882168604,0.710284391005508
GRDC_6503300,GRDC_6503301,2361.82718201002,1579.75054510781,20.35126745718561,0.6688679667762025
GRDC_6503300,GRDC_6503350,2361.82718201002,2748.90240521744,10.19488359020503,0.859189172204605
GRDC_6503300,GRDC_6503351,2361.82718201002,2390.84777637997,22.969915882616593,0.9878617975361481
lamah_211102,lamah_211136,2357.176102711218,2949.336392657053,16.273699689170076,0.7992225331026555
GRDC_6338161,GRDC_6338162,2263.69299893804,1768.0213393408,16.27341384321224,0.781034062556286
lamah_15205501,lamah_15207507,2167.208662900346,2608.3068296816487,23.5698707795437,0.8308871633652319
GRDC_6503280,GRDC_6503282,2157.85794656721,1098.97795424112,23.89236974116377,0.5092911495816532
GRDC_6503280,GRDC_6503281,2157.85794656721,1576.74298320249,15.573239765047036,0.7306982304886304
lamah_201178,lamah_2067,2151.721439563813,1936.8184634239128,8.25882994385827,0.9001250941741491
lamah_201178,lamah_201194,2151.721439563813,2454.366999074503,17.908057402462912,0.876690992168322
GRDC_6140480,GRDC_6140481,2131.31461976806,2131.31461976806,0.0,1.0
lamah_210799,lamah_210823,2115.590340983733,2634.0072727091288,16.130454421688984,0.803183181346271
GRDC_6854590,GRDC_6854592,2108.67630600249,2643.34377628484,7.746152829603421,0.7977306337982973
lamah_212324,lamah_213199,2101.531892002654,3661.4924205499833,32.73344813653358,0.5739550026671879
GRDC_6340620,GRDC_6340631,2100.56943462594,1557.79534483542,22.07248040375111,0.741606213608847
camelsgb_54005,camelsgb_54095,2019.7781052837604,3710.019871584952,25.36991734810877,0.54441166764449
GRDC_6233112,GRDC_6233113,2004.32377527235,2004.32377527235,0.0,1.0
lamah_14002305,lamah_14006000,1989.2042093444727,3976.271105868004,33.9167740143906,0.5002687584377468
camelsgb_27003,camelsgb_27009,1929.1644424086303,3288.8269629837423,30.122778432216396,0.5865813142867276
camelsgb_27003,camelsgb_27021,1929.1644424086303,1248.524915264151,21.84112440675063,0.647184287569246
GRDC_6335290,GRDC_6335681,1925.00348367864,1825.58952636724,4.919986040489995,0.948356479271704
lamah_212316,lamah_212324,1872.3481689787388,2101.531892002654,16.711235090204216,0.8909444468123134
camelsdk_210461,camelsdk_210467,1780.5762332076329,2563.8065391382925,13.979359239662234,0.6945049113596898
GRDC_6172042,GRDC_6172052,1734.21159962841,2365.81974920129,6.023460250390711,0.7330277804189802
GRDC_6503852,GRDC_6503853,1711.27919425988,1390.80846798769,12.755261033427209,0.8127303087964018
lamah_211086,lamah_211102,1693.8704458283637,2357.176102711218,27.32196229011626,0.7186015690045722
camelsgb_84005,camelsgb_84013,1692.17390862317,1893.164962771864,4.940504907981408,0.8938333118871932
GRDC_6221500,GRDC_6221501,1606.10818883636,2893.85616714738,18.079953113344583,0.5550062256271644
GRDC_6221500,GRDC_6221680,1606.10818883636,1057.01125406847,8.46224536367699,0.6581195846054956
GRDC_6503301,GRDC_6503350,1579.75054510781,2748.90240521744,24.055202619128437,0.5746841146886227
GRDC_6503301,GRDC_6503351,1579.75054510781,2390.84777637997,18.843035986121084,0.660749111973888
GRDC_6503281,GRDC_6503500,1576.74298320249,2321.3667826658,24.78590292946164,0.6792304408663061
GRDC_6503281,GRDC_6503282,1576.74298320249,1098.97795424112,12.644045621295565,0.6969924495931535
camelsgb_53018,camelsgb_53022,1564.6806899767248,1617.056115534856,5.0618506513401815,0.9676106320275673
camelsgb_21006,camelsgb_21008,1499.4462147219538,1117.145797927977,21.031094898599463,0.7450389263446386
lamah_210740,lamah_210799,1495.2414800908837,2115.590340983733,13.094393139875294,0.7067726918225615
GRDC_6335046,GRDC_6335048,1494.11871626441,785.029569553114,18.184117451369026,0.5254131154422869
GRDC_6337505,GRDC_6337601,1434.34187005189,997.696960706121,20.718606147445808,0.6955782171164169
lamah_18403002,lamah_18454003,1407.5658367171088,939.0120362786332,17.017467430298556,0.6671176663883147
GRDC_6342520,lamah_13407902,1406.1450394083,2219.679358704609,25.914780566347805,0.6334901632949893
lamah_208629,lamah_209171,1401.0072288040517,2380.0485278112305,26.85914565090146,0.5886464970915796
GRDC_6503853,GRDC_6503855,1390.80846798769,700.578989402052,13.029483352093312,0.5037206815512809
camelsgb_12001,camelsgb_12002,1374.035090863065,1825.2718290400087,16.4299377537472,0.752783814992494
lamah_15202300,lamah_15205501,1343.8805947846486,2167.208662900346,18.281624211519045,0.6200974635207259
lamah_15202300,lamah_15212700,1343.8805947846486,833.0474923248573,17.602687496916868,0.6198820755041483
GRDC_6336910,GRDC_6336930,1312.05468807756,715.932216336715,14.545151688029248,0.5456572983140728
camelsgb_28074,camelsgb_28085,1296.0964771014917,1047.4405503853563,17.361536809799922,0.808150140742444
camelsgb_28074,camelsgb_28093,1296.0964771014917,1106.377974488241,11.01442688296293,0.8536231631170504
camelsdk_210084,camelsdk_210461,1279.4559921083348,1780.5762332076329,18.675783792805483,0.7185628833220181
camelsgb_11001,camelsgb_12002,1263.679902886383,1825.2718290400087,18.23282233454565,0.6923242241409095
GRDC_6854610,GRDC_6854620,1259.75905974858,2215.35287879436,11.626639226216994,0.5686493884595787
GRDC_6502150,GRDC_6502151,1211.21330695522,1093.7486803525,7.915426281951212,0.9030190422048733
camelsgb_28012,camelsgb_28018,1202.6163664990102,881.1180232633465,15.290192637540558,0.732667580292798
lamah_212167,lamah_212324,1195.115732176751,2101.531892002654,18.286916847334776,0.5686878874999446
lamah_212167,lamah_231092,1195.115732176751,662.1448449755923,1.6125920192293237,0.5540424472277508
lamah_212167,lamah_212316,1195.115732176751,1872.3481689787388,1.5757032638742283,0.6382978080559769
GRDC_6233423,GRDC_6233425,1185.70851949686,849.527538945676,9.723338558872072,0.7164724930087895
GRDC_6337504,GRDC_6337505,1185.33264256263,1434.34187005189,12.816528111430232,0.8263947858677153
camelsgb_28067,camelsgb_28085,1172.629210597974,1047.4405503853563,10.162553703592277,0.8932410526011214
camelsgb_28067,camelsgb_28074,1172.629210597974,1296.0964771014917,7.368210786652938,0.9047391388798216
camelsgb_28067,camelsgb_28093,1172.629210597974,1106.377974488241,18.38208425841441,0.9435019735898029
lamah_203125,lamah_203968,1163.8945135133715,2139.686921670436,22.388654732420783,0.5439555206538014
camelsgb_15007,camelsgb_15012,1143.7911880428212,1658.6656655553534,4.619115028534225,0.689585135687883
camelsgb_54008,camelsgb_54029,1120.9215835410832,1478.799193635146,18.725040516342325,0.7579944514208604
GRDC_6854340,GRDC_6854820,1105.57579437285,679.422761235221,12.812650522436227,0.6145420012751193
GRDC_6836220,GRDC_6836320,1076.42408942403,2143.92584366951,5.042426246467081,0.5020808404369245
camelsgb_43007,camelsgb_43021,1059.040469177306,1707.3199276383095,4.696900723820004,0.620294094875498
GRDC_6226220,GRDC_6226230,1052.85989656013,1055.57295125395,7.610398157713513,0.9974297800160595
camelsdk_250082,camelsdk_250097,1048.142282751043,1545.6592548121755,5.145206334864,0.6781198892885422
camelsgb_28085,camelsgb_28117,1047.4405503853563,744.9904252419744,17.813696355628366,0.7112484092466063
lamah_212399,lamah_213124,1044.5379675481952,703.4520132086727,14.15027928045444,0.6734575813073213
lamah_212399,lamah_212530,1044.5379675481952,1033.1251121389816,16.537063592213176,0.9890737763836364
lamah_16602303,lamah_16605006,998.591692611604,1254.2009199534882,14.65683527824541,0.7961975443684387
camelsgb_4001,camelsgb_6007,957.579648288076,1821.7171256161744,20.217336985269604,0.5256467290245108
lamah_205427,lamah_205450,952.3274069840124,1256.305070170926,14.997966154829221,0.75803833765826
lamah_18642003,lamah_203521,951.4952607164532,1142.228614618739,18.393958017583678,0.8330164807104312
lamah_213090,lamah_213371,950.9194246246929,713.7270846593619,15.802305007908078,0.7505652594498786
camelsgb_27079,camelsgb_27080,946.8724098763072,858.5220248375102,3.6245523471360976,0.9066924074275874
lamah_18454003,lamah_202382,939.0120362786332,686.9910665319928,13.95393047614892,0.7316105012397752
GRDC_6172041,GRDC_6172042,925.349797755031,1734.21159962841,5.360017556893708,0.533585289103882
camelsgb_27007,camelsgb_27062,909.2894047397216,521.615268356516,16.707970154101112,0.5736515411238352
camelsgb_27007,camelsgb_27071,909.2894047397216,1349.4685142282376,9.322922529607792,0.6738129827799244
lamah_212753,lamah_212787,905.5491537605466,1304.645184053401,15.308546840738755,0.694096115042633
camelsgb_28018,camelsgb_28085,881.1180232633465,1047.4405503853563,14.125109714066442,0.8412105326065338
camelsgb_25001,camelsgb_27090,844.5621667281509,495.739207803376,14.794448147864014,0.5869777588118571
camelsgb_50001,camelsgb_50002,830.2422323083314,661.9936667612396,11.949211237623087,0.7973500274982297
GRDC_6503120,GRDC_6503121,812.130683621304,768.386610466051,4.1698457056777105,0.9461366575140377
GRDC_6503120,GRDC_6503130,812.130683621304,421.532738840154,12.43881163172765,0.5190454533259754
camelsgb_79002,camelsgb_79006,794.3331772446463,467.0292112908103,15.61167397820369,0.5879512837557963
lamah_201434,lamah_230342,782.9213102920137,888.8072315255235,7.73710482563956,0.8808673945510431
GRDC_6503121,GRDC_6503130,768.386610466051,421.532738840154,15.22405192510954,0.5485945917049244
camelsgb_27002,camelsgb_27089,756.3297925040414,812.4251107863286,6.34451792998101,0.9309532441359503
camelsgb_27002,camelsgb_27062,756.3297925040414,521.615268356516,10.628389422933859,0.6896664306050443
lamah_205153,lamah_205203,746.9649763864081,1250.9154146731205,14.56943165035134,0.5971346804304903
camelsgb_13007,camelsgb_13008,743.8813403913169,487.6034342993549,10.860452792356696,0.6554855026244539
camelsgb_84004,camelsgb_84018,739.188997564873,934.4597791324916,4.013227724785049,0.7910335084203424
lamah_211243,lamah_211268,724.8050695242758,1359.97333790138,18.409843752723006,0.5329553523767948
GRDC_6210310,GRDC_6210320,713.093712653969,574.678233414744,7.873976691167699,0.805894405205068
lamah_201756,lamah_201780,695.0407143890318,1092.147030997304,12.503413433546534,0.6363984835946027
GRDC_6836210,GRDC_6836220,683.028379302604,1076.42408942403,10.266798765133261,0.6345346467190983
GRDC_6221200,GRDC_6221680,682.679719292952,1057.01125406847,12.100128920095784,0.6458585153803198
GRDC_6342930,lamah_16408504,675.828839401485,959.2235608418508,16.81171153544267,0.704558214571327
GRDC_6342930,lamah_16404900,675.828839401485,650.9992388740744,3.0295536734639925,0.963260519409915
GRDC_6342930,lamah_16407002,675.828839401485,697.8863870921883,3.739159399076597,0.9683937842911533
lamah_16404900,lamah_16407002,650.9992388740744,697.8863870921883,2.8553946266921324,0.9328154996496295
lamah_205146,lamah_205153,641.7491004181571,746.9649763864081,10.801789853984475,0.8591421561995399
camelsdk_200024,camelsdk_200026,624.2173910100518,516.3273376652186,12.009126668692627,0.8271594881868714
lamah_209601,lamah_209742,621.5385647319724,584.8024980081277,12.28120606384722,0.9408949519653917
GRDC_6342625,lamah_15212700,621.282478460794,833.0474923248573,6.982952876827949,0.745794788634352
camelsgb_68001,camelsgb_68003,620.5927870753326,411.0601620548883,8.299084368269801,0.6623669668996499
camelsdk_250078,camelsdk_250082,619.8572660149429,1048.142282751043,8.13718167417738,0.591386566705441
lamah_201749,lamah_201756,610.1639621430497,695.0407143890318,7.4992217860864825,0.8778823305040596
camelsdk_570050,camelsdk_570058,608.5291170189694,752.6311628015152,10.037212472588358,0.8085356375011692
lamah_205989,lamah_206029,600.7089820537454,301.43629255254524,11.893370204721048,0.5018008745632102
lamah_11584000,lamah_11609000,593.6499292600943,944.310400929374,15.898513326769688,0.6286597380224068
camelsgb_16001,camelsgb_16004,582.0491158949636,780.4229509614839,11.178689958212697,0.7458124023362934
camelsgb_39021,camelsgb_39034,553.6938633209887,425.8140927538964,9.036045091440434,0.769042463645732
camelsgb_69002,camelsgb_69007,550.2596061447332,664.9882094301793,7.324413364839649,0.8274727255935024
camelsdk_450001,camelsdk_450002,532.9287413042531,532.9287413042531,0.20467064617187894,1.0
camelsdk_450001,camelsdk_450003,532.9287413042531,483.9411670959475,9.86083612146746,0.9080785658352432
camelsdk_450002,camelsdk_450003,532.9287413042531,483.9411670959475,9.70240699067359,0.9080785658352432
camelsgb_27062,camelsgb_27089,521.615268356516,812.4251107863286,11.981497628044304,0.6420472009434273
GRDC_6335675,GRDC_6335690,518.260069821396,576.891201659576,13.21765296509897,0.8983670895490995
lamah_212092,lamah_212100,516.1612413962566,267.6181534376008,7.060080982299182,0.5184778165707924
lamah_212092,lamah_212183,516.1612413962566,283.7787097713378,2.7154496506708155,0.5497869406150956
lamah_201392,lamah_201434,515.2632163635793,782.9213102920137,14.052911007284843,0.6581289966055421
camelsgb_18003,camelsgb_18011,513.2528565129388,1022.972347373731,7.641691318143181,0.5017270093669775
camelsgb_18003,camelsgb_18010,513.2528565129388,389.5239701626653,5.974185162329816,0.7589319089407652
lamah_210971,lamah_210989,497.96409510975207,689.1851506160046,13.71230227581579,0.7225403720098493
camelsgb_27001,camelsgb_27007,492.1550861293822,909.2894047397216,15.776625067451917,0.5412524148681338
camelsgb_27001,camelsgb_27062,492.1550861293822,521.615268356516,6.245058225067682,0.9435212425434636
camelsgb_27001,camelsgb_27002,492.1550861293822,756.3297925040414,5.7064851291432195,0.6507149275449868
camelsgb_27001,camelsgb_27089,492.1550861293822,812.4251107863286,10.13942020348744,0.6057851728056953
camelsdk_450003,camelsdk_450004,483.9411670959475,300.4249415157643,10.290935254155825,0.6207881493499834
GRDC_6935313,GRDC_6935314,473.039766481206,472.747468759604,0.3180960561457378,0.9993820863650082
GRDC_6854140,GRDC_6854950,472.591745755792,615.567348267885,8.36605408946178,0.7677336153153589
lamah_205369,lamah_205393,466.36558201197664,329.3123404721136,5.75693486921935,0.7061248796521536
lamah_205369,lamah_205419,466.36558201197664,441.4011019041521,7.287652756047497,0.9464701490188797
GRDC_6731905,GRDC_6731906,464.736495771982,437.407772775317,2.207981677343163,0.9411952294573536
camelsgb_71006,camelsgb_71008,444.578133173014,257.20425266538047,1.9277033596100566,0.5785355452137942
camelsdk_360009,camelsdk_380024,425.34742730910494,672.9700990533112,13.569002784111419,0.6320450610026432
GRDC_6503130,GRDC_6503131,421.532738840154,363.502722325261,7.872244290022335,0.8623356831676647
camelsdk_550015,camelsdk_550018,417.2367396917344,291.39230224645144,9.436185869818546,0.6983860109292864
camelsgb_76003,camelsgb_76005,405.470886156291,615.9334798426424,3.578910910424167,0.6583030463937112
camelsgb_28003,camelsgb_28080,404.2940149923305,792.5456011220696,4.452863346074556,0.5101208238616673
lamah_16000708,lamah_201095,403.989663619776,202.0298553475713,6.001002701672359,0.5000866941430369
GRDC_6731690,GRDC_6731693,402.481571728175,711.371002148633,4.196045283929756,0.5657829325520932
camelsgb_39011,camelsgb_39141,390.12843444836426,688.6454680510077,13.41813424990867,0.5665156492679737
camelsdk_360008,camelsdk_360009,386.25536820254456,425.34742730910494,8.563372989868736,0.9080938155571546
camelsdk_360008,camelsdk_380024,386.25536820254456,672.9700990533112,10.333367996612244,0.5739562110499449
lamah_203786,lamah_203794,378.0832826657629,364.2305572000117,1.4420121465659326,0.9633606506797142
lamah_213082,lamah_213371,377.16772125655547,713.7270846593619,11.50768676200953,0.5284480992290842
lamah_213082,lamah_213363,377.16772125655547,200.21226961626897,9.034986437185042,0.5308308700152031
GRDC_6357503,GRDC_6357520,365.70284534846,293.955945730248,2.7346911360604196,0.8038109341209857
camelsgb_27006,camelsgb_27025,363.6188551092718,353.71709150843736,6.730025084486924,0.972768838959523
camelsgb_15010,camelsgb_15030,362.2080906890287,243.292448119322,0.7892037347703946,0.6716924728448406
lamah_18620500,lamah_203364,361.7295142605941,426.214607393768,8.945186879960003,0.8487027614386808
lamah_17404000,lamah_17464001,361.5056593523268,377.51987013010097,2.548533519702585,0.9575804823935351
camelsgb_39006,camelsgb_39034,360.4771494771046,425.8140927538964,9.303157124108631,0.8465599321660922
camelsgb_39006,camelsgb_39081,360.4771494771046,232.8840950074712,9.49117766058471,0.6460439873797399
GRDC_6172037,GRDC_6172230,360.14875675157,196.63653213163,1.1898392623415877,0.5459869802279216
camelsgb_41009,camelsgb_41014,359.6618057865774,395.570565829868,5.139375265296453,0.9092228716058347
lamah_212431,lamah_212522,359.30446915219386,285.3005586013781,10.418986749115508,0.7940356524775949
GRDC_6335075,GRDC_6335076,359.038985074838,663.145101602597,9.336790059830898,0.5414184379966955
GRDC_6343550,lamah_18620500,353.932424168223,361.7295142605941,1.4895710978203633,0.9784449712147237
GRDC_6343550,lamah_203364,353.932424168223,426.214607393768,9.817848494136971,0.8304089489857267
GRDC_6341300,GRDC_6341301,349.054313408449,349.054313408449,0.0,1.0
camelsgb_54019,camelsgb_54049,344.9304923869152,365.9299329613496,6.559371303852752,0.94261349323218
lamah_207894,lamah_207902,342.268311734726,215.70053192026216,6.861178263178013,0.6302088873697433
GRDC_6503370,GRDC_6503410,339.084656576436,313.896493117122,5.003598572847182,0.9257171830963219
camelsgb_84001,camelsgb_84012,333.73819830915335,235.20258842221185,9.646338550086174,0.7047517773327687
lamah_201939,lamah_201947,332.38771157868587,166.94082386724193,1.8200804979104037,0.5022472794627432
lamah_205393,lamah_205419,329.3123404721136,441.4011019041521,4.109209893402375,0.7460614372086956
lamah_205104,lamah_205146,328.1029342091774,641.7491004181571,8.748166023938492,0.5112635670161266
camelsgb_43005,camelsgb_43008,325.50328474891785,446.86022479161386,9.628425841488369,0.7284230430236012
GRDC_6337540,GRDC_6337541,321.836142435911,306.16892015601,0.9784081582590628,0.9513192578020635
GRDC_6337540,GRDC_6337542,321.836142435911,261.833267294417,5.246738794448937,0.8135607931186825
camelsdk_140016,camelsdk_140022,317.46044022911803,212.38674665714584,5.534824104295271,0.6690179932462191
camelsgb_71004,camelsgb_71008,316.3261156750939,257.20425266538047,4.60909247912045,0.8130983814487233
camelsgb_71004,camelsgb_71006,316.3261156750939,444.578133173014,3.199408775891382,0.7115197353892145
GRDC_6172039,GRDC_6172053,313.450863102231,607.876318250281,5.114684500831517,0.5156490780961364
lamah_204719,lamah_206748,313.4088154079064,191.7517064164672,3.746006232172116,0.61182614205315
camelsgb_33021,camelsgb_33024,306.94743840692706,198.8542114078432,5.414509365888854,0.647844505365175
GRDC_6337541,GRDC_6337542,306.16892015601,261.833267294417,4.340708708558351,0.855192183324808
lamah_203752,lamah_203828,289.07695674850856,160.5198782598818,2.636501045120084,0.5552842401047242
lamah_207852,lamah_207894,288.70204563808545,342.268311734726,10.328569350911344,0.8434962739461638
camelsgb_27035,camelsgb_27043,282.3778702350994,428.4638487091272,8.792473768418512,0.6590471310143095
lamah_18481006,lamah_18486000,271.5582289251006,180.9960561816676,0.8448359311974368,0.666509193619718
lamah_208462,lamah_208579,269.65351922993847,288.64210738571046,4.027456643414724,0.934214074558437
camelsdk_250090,camelsdk_310021,269.20865049898543,199.18846519519323,9.077344575662583,0.7399036577241931
lamah_212100,lamah_212183,267.6181534376008,283.7787097713378,8.566997613458954,0.9430522594638662
lamah_208009,lamah_208017,263.88143665652774,201.04442536281687,4.346413064317903,0.7618740746227612
camelsgb_54004,camelsgb_54019,262.6756522961448,344.9304923869152,1.5659962219111252,0.7615321292079229
camelsgb_54004,camelsgb_54049,262.6756522961448,365.9299329613496,7.991533955366845,0.7178304605212201
GRDC_6221560,GRDC_6221600,261.555672946673,180.836809533713,6.218871862019696,0.6913893608057308
camelsdk_560005,camelsdk_560007,258.2072703589104,146.102069078008,7.738634334480663,0.5658325146109356
lamah_204917,lamah_204925,252.6339479756822,137.67252840631832,4.195168562653354,0.5449486480715184
lamah_204917,lamah_204933,252.6339479756822,450.1350803038599,6.826707605955747,0.5612403010339557
camelsgb_40007,camelsgb_40010,251.2076346408939,223.64950906436303,3.1052884013191107,0.8902974202359505
GRDC_6343531,lamah_18481006,247.947979842875,271.5582289251006,0.30195751858449993,0.9130564034988694
GRDC_6343531,lamah_18486000,247.947979842875,180.9960561816676,1.0997158976430113,0.7299759259840112
GRDC_6343531,GRDC_6343535,247.947979842875,154.061517475868,1.8710431838527493,0.6213461290287463
GRDC_6233220,GRDC_6233227,236.566973831334,440.905956066201,11.560117716766596,0.5365474668158351
GRDC_6731160,GRDC_6731161,224.019480450407,225.878702782355,0.22461604870068227,0.9917689347909022
camelsdk_350010,camelsdk_360009,222.51913878588545,425.34742730910494,11.340050959168225,0.523146784250274
camelsdk_350006,camelsdk_350010,212.00083237321044,222.51913878588545,2.02197999264444,0.9527307787093494
camelsgb_56002,camelsgb_57008,211.14316268208609,185.0096858521424,7.579070059533373,0.8762286379630853
camelsgb_21013,camelsgb_21015,204.6156905526208,238.1606233577271,8.641841690090178,0.8591499621886678
lamah_213363,lamah_213538,200.21226961626897,101.48878901907705,6.167392892567875,0.5069059414470082
lamah_204883,lamah_205054,200.0283320283616,311.8264130279525,9.744327015481172,0.6414733443713467
GRDC_6242951,lamah_201095,197.261371279575,202.0298553475713,0.5876902886555606,0.9763971317021802
GRDC_6242951,GRDC_6342950,197.261371279575,108.572475333839,4.804137342841022,0.5503990701755853
lamah_212860,lamah_212878,197.13390078947376,226.7031150285456,5.9116922017374645,0.8695685578235279
lamah_200410,lamah_2139,194.2183783309024,168.28639648922194,2.4246449106768746,0.8664802885054551
GRDC_6243220,lamah_201947,191.990801551546,166.94082386724193,0.4138323934883235,0.8695251153603908
GRDC_6243220,lamah_201921,191.990801551546,147.20155723182384,3.1309348944375186,0.7667115093131319
GRDC_6243220,lamah_201939,191.990801551546,332.38771157868587,2.065117913985055,0.5776110092628867
GRDC_6340310,GRDC_6340315,189.121476835554,313.869625750096,2.768757497815391,0.6025478775895732
lamah_205799,lamah_205831,185.9445297554336,232.667406392068,2.9764420536537055,0.7991859824237623
camelsgb_69017,camelsgb_69027,183.60479183994312,145.50101408942194,6.024557313441421,0.7924685005839172
lamah_2187,lamah_2410,181.4093865958721,113.63302111643064,1.1173030473729941,0.6263899749000988
camelsgb_55026,camelsgb_55032,171.52348577699814,183.1336281588957,5.605405910541776,0.9366028921142542
camelsdk_440020,camelsdk_440021,168.07993644422214,127.11404282589008,4.829862853263133,0.7562713641795865
camelsgb_83003,camelsgb_83004,166.52818220293494,202.93346747480155,4.501997319433225,0.8206048232217434
GRDC_6243110,lamah_201350,162.884307995211,97.6811693833016,1.031975773039522,0.5996966226247745
GRDC_6242030,lamah_204883,156.539917944191,200.0283320283616,0.11836766087014929,0.7825887280907563
GRDC_6242030,lamah_205054,156.539917944191,311.8264130279525,9.641588245359612,0.502009808675696
GRDC_6343535,lamah_18486000,154.061517475868,180.9960561816676,0.776545951817651,0.851187151399779
GRDC_6343535,lamah_18481006,154.061517475868,271.5582289251006,1.6007552072163667,0.5673240618989315
GRDC_6343535,lamah_18487501,154.061517475868,89.24986422850867,1.1488695299646496,0.5793131580862733
camelsgb_41019,camelsgb_41025,151.13129106468753,92.72258804687878,6.132740918562126,0.6135234298183257
camelsgb_69015,camelsgb_69017,148.8857852508234,183.60479183994312,0.9859188282398091,0.8109035922145981
camelsgb_69015,camelsgb_69027,148.8857852508234,145.50101408942194,5.634581221353874,0.9772659884508166
lamah_205823,lamah_205831,148.12948392781146,232.667406392068,7.772643564871567,0.6366576488938823
camelsgb_28031,camelsgb_28046,147.64535191048472,85.39864523099529,0.7798411457767026,0.5784038855674324
lamah_201921,lamah_201947,147.20155723182384,166.94082386724193,2.9075869758453265,0.8817589000811715
lamah_200253,lamah_200261,146.98837344991836,226.9850019165773,7.574270712645332,0.6475686596418396
camelsgb_53005,camelsgb_53009,146.82834316398765,73.42258316922569,3.875069718952794,0.5000572885796475
camelsgb_53005,camelsgb_53007,146.82834316398765,262.9836805411496,6.301082037749455,0.5583173178725556
camelsgb_34007,camelsgb_34010,138.77396139758673,149.4777248981989,1.360793680888642,0.928392250364381
GRDC_6235300,lamah_200220,137.872106029106,76.38579895796123,3.5294141763537064,0.5540337429953781
GRDC_6235300,lamah_2139,137.872106029106,168.28639648922194,2.5200350631991872,0.8192706535131979
GRDC_6235300,lamah_200212,137.872106029106,116.0721498480785,2.3618330222495656,0.841882765057456
GRDC_6235300,lamah_200410,137.872106029106,194.2183783309024,0.2116899477518302,0.7098818722201685
lamah_205013,lamah_205021,135.9424881712994,183.37178509389992,6.848970251101334,0.7413489927127382
camelsdk_270045,camelsdk_280001,135.72208999374686,153.5839108697333,5.576383197957773,0.8836999215944145
lamah_203711,lamah_203737,133.80834009835178,86.93914841335935,4.215866463645652,0.649728920853942
lamah_201848,lamah_202218,133.48293613185848,81.82465233587294,3.114791281038849,0.6129970969101555
camelsdk_310017,camelsdk_310023,130.47182718575218,146.94535173207967,5.813170636089772,0.8878935308116238
camelsdk_310017,camelsdk_310021,130.47182718575218,199.18846519519323,7.291536465340379,0.6550169813191608
camelsgb_38003,camelsgb_38018,129.76007560997138,157.19387095617384,3.742743405391612,0.8254779580187889
lamah_208686,lamah_208694,128.1789451850701,79.68730228779651,4.673496538299459,0.6216879236503364
lamah_208686,lamah_208702,128.1789451850701,251.07128226197813,4.918228792536156,0.5105281019408778
camelsgb_39035,camelsgb_39087,126.36111623590948,81.30972941657072,5.296288314076355,0.643471123385534
camelsgb_55013,camelsgb_55014,125.48808603134876,201.87032984482312,7.158351700819142,0.6216271907209491
camelsgb_47005,camelsgb_47008,121.22617675375876,112.33433888126156,6.141870318518176,0.9266508429894742
camelsgb_33028,camelsgb_33033,119.0165089317956,112.56924876823165,4.958494086868967,0.9458288583539393
camelsdk_260082,camelsdk_260096,118.1575552666295,130.93547244052587,1.9199257159981347,0.9024105772429208
lamah_200212,lamah_200220,116.0721498480785,76.38579895796123,1.5012496953996024,0.6580889477617076
lamah_200212,lamah_2139,116.0721498480785,168.28639648922194,3.356723641599986,0.68972984311012
lamah_200212,lamah_200410,116.0721498480785,194.2183783309024,2.173143038096739,0.597637313448879
lamah_12183005,lamah_201111,112.89255365563352,198.4114645695675,7.713075829252126,0.5689820086784898
camelsgb_47008,camelsgb_47018,112.33433888126156,57.57473183783168,2.165087752471582,0.5125301168922951
lamah_201566,lamah_201582,111.5897919603458,61.5926815713092,2.5941528992367022,0.5519562362227235
lamah_201558,lamah_201640,109.11687868474424,58.12247662710445,3.314902632262401,0.5326625663022253
lamah_201558,lamah_201566,109.11687868474424,111.5897919603458,4.270272235237857,0.9778392518512774
camelsgb_12005,camelsgb_12006,108.90835359962912,145.2722611853086,2.578369710610012,0.7496844387980315
GRDC_6342950,lamah_201095,108.572475333839,202.0298553475713,4.268596913530087,0.5374080734109885
lamah_203760,lamah_203778,103.31325085079092,76.32695127264034,4.901284811374294,0.7387914971611409
camelsgb_57004,camelsgb_57007,102.95488417714256,193.20970591995624,1.097073328633385,0.5328660052916553
camelsdk_460001,camelsdk_460020,102.10928036265764,61.69780744500896,5.245374061274759,0.6042331042377266
GRDC_6340215,GRDC_6340216,98.1852266361917,90.7916017801554,3.6957824078602286,0.9246971758446707
camelsgb_40013,camelsgb_40018,97.84461976512048,121.81672064583752,5.875252806145951,0.80321173683199
lamah_208819,lamah_214353,96.10983330548169,115.54319729195656,1.479799025433408,0.83180867033331
camelsdk_490092,camelsdk_490094,92.7851634818048,98.39237289534206,0.018673115068853927,0.9430117472672243
camelsgb_43014,camelsgb_43017,85.56830770790215,84.38121191153877,0.010195387444187763,0.9861269221261723
GRDC_6836400,GRDC_6836500,83.3384968808512,152.672980329921,1.6962683952741053,0.5458627761163738
lamah_203034,lamah_203042,80.66145644484006,40.51284515214427,1.348069406682641,0.5022577937189714
camelsdk_270004,camelsdk_270045,74.6576801533108,135.72208999374686,1.8046004328384964,0.5500775898510737
lamah_201657,lamah_201665,74.04853736668021,72.97744573603826,3.6802657913004317,0.9855352763372217
camelsgb_37011,camelsgb_37020,72.51301668007002,132.9486400571253,5.783824362672522,0.5454212743275348
lamah_211391,lamah_211961,70.090632991506,55.363415191379474,2.5384599965200776,0.7898832244543824
lamah_204735,lamah_206805,68.29243580728517,54.09094541914352,1.8954785950303943,0.792048852552032
camelsgb_39142,camelsgb_39143,65.07487525762579,88.98115992624763,2.326101073385739,0.7313331868404879
lamah_201053,lamah_202226,64.0839644879266,66.33195330091225,2.514561675673745,0.9661100163478114
camelsdk_500056,camelsdk_500057,62.11131640118864,74.4365049403742,0.6725145596651361,0.834420106786873
camelsdk_210665,camelsdk_210666,57.001349494630816,34.96670465587216,2.431988988799034,0.6134364355560706
lamah_206151,lamah_206169,56.11503622026864,101.6651024239422,0.9246584954158106,0.5519596683852208
camelsdk_560001,camelsdk_560002,56.04626815161957,68.35682626995967,1.3266912885460715,0.819907406617704
camelsdk_600029,camelsdk_600032,48.58168402382863,43.7658499733575,1.750724854394243,0.9008714056081499
lamah_203992,lamah_204008,47.93588066197741,72.3173930441095,2.149874412566043,0.662854102508082
camelsgb_37018,camelsgb_37019,44.57989752385321,51.35548820083954,3.7163745184524117,0.8680649154674853
camelsgb_39005,camelsgb_39012,39.35707313688457,72.66856421648944,4.51723138043409,0.5415969554542808
GRDC_6342530,lamah_12402007,36.2207523709138,59.54021780801337,1.5049829595144513,0.608340945068544
lamah_207712,lamah_207720,35.72131757842212,22.877842716265867,2.8675828738103646,0.6404534957603438
lamah_200162,lamah_200527,35.61305386022369,25.400998458771944,2.688858857659045,0.7132496572315127
camelsdk_420020,camelsdk_420022,34.805170461339664,43.86476382097227,0.937200573925158,0.7934653564622385
camelsdk_420014,camelsdk_420020,32.34956861378725,34.805170461339664,0.9761778003860528,0.9294472110033188
camelsdk_420014,camelsdk_420022,32.34956861378725,43.86476382097227,1.825876521910258,0.7374841625915818
camelsdk_210030,camelsdk_210665,32.07266167237307,57.001349494630816,3.4574331497120694,0.5626649536673535
camelsdk_210030,camelsdk_210666,32.07266167237307,34.96670465587216,1.1299961485608572,0.9172343229943726
camelsdk_490066,camelsdk_490082,31.720127391967168,39.399952636307255,1.3577598795535484,0.8050803432371874
camelsdk_620012,camelsdk_620022,30.24881498303584,16.84343356046486,1.3113601324668072,0.5568295343110468
camelsdk_610010,camelsdk_610015,29.57609146069624,47.24056274955971,0.30207692112267065,0.6260740715027129
camelsdk_520020,camelsdk_520064,28.97264735975751,54.35266539909805,3.9368932601577993,0.5330492469323923
camelsdk_520076,camelsdk_520088,28.81537560368097,20.651515885440546,2.1252715722292628,0.716683904089123
camelsgb_36010,camelsgb_36011,27.477495366141792,34.109472206376594,2.3857376524727893,0.8055678844835662
camelsdk_520070,camelsdk_520076,27.317988689867764,28.81537560368097,1.9373259361152706,0.9480351415713657
camelsdk_520070,camelsdk_520088,27.317988689867764,20.651515885440546,2.8628914819415394,0.7559676563267701
camelsdk_160024,camelsdk_160207,24.07899219827613,24.137331648591854,1.4503303534068779,0.9975830198977638
camelsdk_360015,camelsdk_360016,22.468553463461983,16.619144922634216,1.8932719646465335,0.7396624330827534
GRDC_6342940,GRDC_6342945,17.7583013625537,35.0746351376045,2.37041626584418,0.5063003875274678
GRDC_6233302,GRDC_6233902,14.2213653301064,14.6666306139301,0.4670193369799038,0.9696409287487752
