response,country,n,r2_global,r2_local,r2_local_debiased,ss_local,sse,sse_debiased,rho_within,mean_bias
gain_Qsim,Denmark,263,-0.2555216481567295,-1.0518366374965575,-0.30011169855045705,17.104573966267168,35.095791532756785,22.237856712265536,-0.3363162622591729,0.22110966964262876
gain_Qsim,Great Britain,543,-0.07370329104159845,-2.396387586960653,-1.4472954409284506,18.191742135120666,61.78620717291292,44.520567589826804,-0.4184811999860515,-0.17831645459659845
gain_Qsim,Czech Republic,14,-0.36360928396751624,-0.5178467776460638,-0.07907655726706997,1.9313413341285863,2.9314802205417245,2.0840651577390648,-0.5522555597041,-0.2460277369384337
gain_Qsim,Estonia,36,-0.18416583390564867,-1.5193065734226514,0.047427250892173034,5.032828123704497,12.679236974955128,4.794134921584379,0.15546975546975547,-0.46800706468346376
gain_Qsim,Spain,46,-0.4669532623260002,-0.5849303292423378,-0.06456821630573417,3.93606458923834,6.238388145340629,4.190209259029622,-0.16534073388837497,0.21101096645265324
gain_Qsim,Belgium,34,0.16386719792311943,-0.43956601294707687,-0.4207723684452829,1.747188518197501,2.515193209008488,2.482357169119868,-0.2571428571428571,0.03107677394899704
gain_Qsim,Sweden,106,0.337534495804952,0.32446213061343077,0.45097110482183156,20.319218945916415,13.726401874323587,11.155838328759797,0.8119122651920494,-0.1557260398470688
gain_Qsim,Austria,400,0.48545189199270455,0.16808864330536877,0.32013624475200253,59.56773450016218,49.55507482325551,40.49794366889596,0.6940624003900024,0.15047533979326616
gain_Qsim,Germany,329,-0.19592022662639152,-0.2682487875341639,-0.1402684267315666,38.63824295901816,49.002904785225226,44.05796851055166,0.08039126833912412,0.12259772201299994
gain_Qsim,Iceland,4,-0.9882794420799059,-18.557872129882384,0.4838641019638922,0.07111017673652976,1.390763743746386,0.036702514929415134,0.7999999999999999,0.5818206830323607
gain_Qsim,Ireland,39,0.852976266586091,-2.5707534765328206,-0.08753506326182459,0.17474829386064594,0.6239830778210804,0.19004489681863349,0.10870445344129555,-0.10548279492743722
gain_Qsim,Norway,128,0.29173219632103353,-0.19581887581809077,0.24023444437404962,12.988247663215265,15.531591719473024,9.868023202450198,0.4701290972349387,-0.21034882704507965
gain_Qsim,Finland,116,0.2903159726244249,0.11757646662113075,0.1692884624261647,12.514846472631548,11.043395044073609,10.396227355780242,0.56870795371545,-0.07469291663626793
gain_Qsim,Luxembourg,11,0.7691454435182457,-8.308964650459668,-0.2726512662879754,0.03291170608560976,0.3063739085372596,0.04188512442554893,-0.41818181818181827,-0.1550626806141517
gain_Qsim,Switzerland,65,0.7690092990743093,0.3531870629272985,0.6236966675152738,5.105495499044218,3.3023005389482485,1.9212149702761099,0.7283653846153847,0.14576512026978086
gain_Qsim,Liechtenstein,1,0.4075205967999628,,,0.0,0.221717989594972,0.0,,0.47086939759870994
gain_Qobs,Denmark,195,-3.4123092905832575,-4.024509810947451,-0.7836761352841739,14.69837656093183,73.85213723540203,26.217143499154375,-0.47159869539836813,0.4942489445211233
gain_Qobs,Great Britain,532,-0.10810787839661096,-1.5408491484564086,-0.23264724274140858,110.72776646456646,281.3425511319738,136.48827602746246,-0.47992752893633295,-0.5218069298130882
gain_Qobs,Czech Republic,14,-0.578316686148447,-0.5792449768894865,0.04051701533261187,1.1676630111121238,1.8440259449984742,1.1203527909875701,0.2838285545889597,-0.22735641528711575
gain_Qobs,Estonia,36,-0.6741932178726451,-1.6599687770697087,0.12421772922419383,6.941170985735585,18.46329809835883,6.078954487730652,0.14285714285714285,-0.5865232687112009
gain_Qobs,Spain,44,-0.3244213395755917,-0.6285647680803164,0.32458450354400825,4.362104960426741,7.1039704532193735,2.946233287439772,0.6770965468639887,0.3073988069186198
gain_Qobs,Belgium,29,0.12553779061014392,-0.13980250433887953,-0.13914872627681785,7.8669163188255515,8.966730921621762,8.96158770431644,-0.4615763546798029,-0.013317369142333321
gain_Qobs,Sweden,106,0.05765342479397739,0.03176934664586373,0.3477924909577317,31.714512270379984,30.706962936357783,20.684443048354982,0.542727517767593,-0.3074932103561326
gain_Qobs,Austria,389,0.18677887588107955,-2.047276051911506,0.021179056604862412,27.60594259743663,84.12292776761235,27.021274776534938,0.38853584599483415,0.38313298177673866
gain_Qobs,Germany,325,-0.48479392253785125,-0.9280217805826922,-0.3241637590226245,34.831735244856056,67.15634420757229,46.12292147510943,0.14723525660560216,0.2543977668773715
gain_Qobs,Iceland,4,-6.4542876006423535,-9.978973978285241,0.5314929982727287,0.42549910785759654,4.671543632952138,0.1993493112599914,1.0,1.0573781633942687
gain_Qobs,Ireland,38,0.6578421838758894,-0.6289835765171097,0.18991781947087916,2.4599482632564125,4.007215319926483,1.9927602530875785,0.5176715176715176,-0.23024329619584813
gain_Qobs,Norway,127,-0.38654743185830154,-0.8288709470652051,0.0642327333302184,22.734233989339682,41.57798004688564,21.27395200003564,0.4020493532058492,-0.39984276483309045
gain_Qobs,Finland,114,0.2497226566304218,-0.10600853212508698,0.004056745404309781,16.549407873896186,18.303786310147277,16.48227113955971,0.14369494339928315,-0.12640491782667382
gain_Qobs,Switzerland,65,0.6687934569320896,-0.34800397762702784,0.518262233110818,3.66880632543447,4.9455655198288655,1.7674025663637074,0.7472027972027971,0.2211217191247724
gain_Qobs,Liechtenstein,1,0.08702638810082142,,,0.0,0.4137104432091248,0.0,,0.6432032674117295
log_tau,Denmark,263,-0.3707587043091962,-0.9291270781972323,-0.17168067090353745,133.68115143930714,257.8879290861523,156.63162120556478,-0.0807843097157914,-0.6204876895877875
log_tau,Great Britain,543,-0.1538213938328532,-0.3549989021454367,-0.09805339856727091,698.9925515228686,947.1341399213245,767.531146772894,-0.3085837637436442,0.575117880699782
log_tau,Czech Republic,14,-0.07794738367604426,-0.07803746454477856,0.08272428146394584,3.072954218510443,3.312759774385179,2.8187462888125654,0.19361947909944544,0.18784748478726282
log_tau,Estonia,36,0.3314467440149509,-0.08559341005759635,-0.08372699525232719,25.672210269905115,27.86958229062194,27.821667297290205,-0.019819819819819822,-0.03648248945717113
log_tau,Spain,46,0.1517726205443497,-0.057994135403010905,0.3537501821375415,57.11638450294609,60.42879983954038,36.911453081991056,0.6323157570151096,-0.7150151527362039
log_tau,Belgium,34,0.21072407429155515,0.19667336215329156,0.19780686537388137,8.626673651607938,6.930036740346992,6.920258377979917,0.34576012223071045,-0.0169587409069569
log_tau,Sweden,106,0.14475253603513816,-0.1560214240397273,-0.008541104133739541,78.577140641668,90.83685802155097,79.24827618241997,0.2548914398865429,0.3306451931684275
log_tau,Austria,400,-0.2717899412688216,-0.28160427755730155,-0.2669868593655873,304.85768211108507,390.7069094397707,386.25067721139624,-0.42119700748129674,-0.10554894869649971
log_tau,Germany,329,-0.040797210148957985,-0.0661858992937292,0.06121894709365605,271.44734482326254,289.41333145128516,254.8296241818138,0.2663284786196573,-0.3242185239541209
log_tau,Iceland,4,-46.695449369708896,-83.72932415130582,0.040903190184781724,0.8175943585435876,69.27421742931858,0.7841521410020746,-0.19999999999999998,-4.137936239489333
log_tau,Ireland,39,0.21007429663872845,0.20996659843281174,0.21319080757959996,15.193550913533947,12.003412710103484,11.954425524275877,0.44392712550607294,-0.03544124275314482
log_tau,Norway,128,-1.0005548353467995,-1.4706097767325081,0.07293794739654491,30.63466541208801,75.68630387403385,28.400235797750383,0.33299761948361106,0.6078012889472715
log_tau,Finland,116,0.14213051023512813,-0.13966105198878798,-0.08153270820023861,115.34980225633814,131.45967698615698,124.75458402465938,-0.02328066735862838,0.24042155795633532
log_tau,Luxembourg,11,0.655051391114897,-2.8326836207053465,-0.5932113593200155,0.4940501341395124,1.8935378569237884,0.7871262857846485,-0.6272727272727273,0.3171480255394287
log_tau,Switzerland,65,0.03393678911181963,0.018079535086819476,0.08175216843450195,61.0916697657879,59.98716077874495,56.09729328915024,0.3812937062937063,-0.2446305688676993
log_tau,Liechtenstein,1,-1.2679669127688862,,,0.0,3.0263435360176003,0.0,,-1.7396389096641867
logit_ac1,Denmark,263,-0.23405637305362292,-0.8051459092948747,-0.09258505101488179,189.2497979206156,341.62349855128093,206.7715001156519,0.07431271229723999,-0.7160623165619808
logit_ac1,Great Britain,543,0.07147882870022959,-0.4961503716407627,-0.017966147507364028,1026.3503284738329,1535.5744253797438,1044.7898898694252,0.09731385703059245,0.9507044354539146
logit_ac1,Czech Republic,14,0.017859220660438657,-0.012029887912387238,0.046595546791282305,4.545953680722253,4.600640993956246,4.334132483281157,0.2354236848140984,0.1379721790473638
logit_ac1,Estonia,36,0.6616826674410827,-0.37847929659233714,-0.25525921781503214,34.338795456947494,47.33531860732113,43.10408952599829,-0.06795366795366796,-0.34283252638548833
logit_ac1,Spain,46,-0.14783183214825768,-0.35020488683194806,0.5032936918457377,61.32656035716714,82.80342148684149,30.461289386808026,0.6476102374344742,-1.0667110372341937
logit_ac1,Belgium,34,-0.523393773593382,-0.6062276498499373,-0.4424019371301704,13.350502292173937,21.443945921074743,19.256790367892467,-0.05240641711229946,-0.2536298572829329
logit_ac1,Sweden,106,0.625488947319199,-0.05513582925543248,-0.03822655822991572,141.23131483844452,149.01822049889722,146.63010191900386,0.28654126644740757,0.15009803651291187
logit_ac1,Austria,400,0.04087447958115553,-0.01386131722630668,-0.001880843735509119,503.0573375393665,510.0303748780209,504.0035097812793,0.14976374852342825,0.12274837164644646
logit_ac1,Germany,329,-0.24730461976881024,-0.2832743080406943,0.010058501883733695,395.7681614834869,507.8791135722594,391.7873266856834,0.2065740608992908,-0.594022368369518
logit_ac1,Iceland,4,-15.783987521024887,-15.922383211436376,0.007597286161198813,2.8969142213214942,49.02269258386213,2.8749055349976684,0.0,-3.396608126089337
logit_ac1,Ireland,39,-0.20331181523003594,-0.28221575098342444,0.02160406541125215,47.934871600476484,61.462847387498975,46.899283498939816,0.16558704453441295,-0.6110848673394392
logit_ac1,Norway,128,-0.4817773395622702,-0.6214174754178854,0.09622806750397173,101.15798866958221,164.01933060698505,91.42375090731964,0.3663820728804248,0.7530955891542824
logit_ac1,Finland,116,0.6128075143788919,-0.21410420556831689,-0.2125081332158616,180.24490746528463,218.8361001858742,218.548416272398,-0.1891131357398224,0.04979993711706693
logit_ac1,Luxembourg,11,0.4223055315739892,-0.7129142920665623,-0.4504815881107991,2.4048250112965164,4.119259131768935,3.4881544015139414,-0.7090909090909092,-0.2395269448223069
logit_ac1,Switzerland,65,0.18820620932139553,0.15762813269286868,0.1828970123127759,127.28533845783656,107.22158823754799,104.00523034267778,0.5190996503496503,-0.22244646356336975
logit_ac1,Liechtenstein,1,-13.370951683288878,,,0.0,1.6937306588227024,0.0,,-1.3014340777860023
log_tau_obs,Denmark,263,-0.013455710451925729,-0.8163442881010265,-0.20624101710620035,113.19926681636531,205.60884169912921,136.54559874024864,0.009887978136218997,-0.5124430524194178
log_tau_obs,Great Britain,543,-0.12711444035251818,-0.2354780390929052,-0.07119845158640525,668.3536326438223,825.7362354794095,715.9393764002115,-0.2234363030809377,0.4496711691523565
log_tau_obs,Czech Republic,14,0.035714134046890056,0.02527626042703024,0.02676268288978334,2.012758661630998,1.9618836495228518,1.9588918398361026,0.06600664060208367,0.014618505118878331
log_tau_obs,Estonia,36,0.31671872525797906,-0.20822547169947425,-0.18464718085511866,20.170371667144536,24.370356821889416,23.894773932282735,0.07927927927927929,-0.11493753008659843
log_tau_obs,Spain,46,0.15688949527565088,-0.16056473793495352,0.3735294215584146,35.24403562151519,40.90298496485394,22.07935138242646,0.6653715695343817,-0.6396947910565985
log_tau_obs,Belgium,34,-0.15964310855321484,-0.35103560811430445,-0.237119663930637,6.5806912887329725,8.890748257085857,8.141102595548606,-0.09243697478991594,0.1484870425657376
log_tau_obs,Sweden,106,0.400350818267855,-0.0044950370312815124,0.02002989235603614,62.413555539396064,62.6941067827996,61.16341874038448,0.3726688985801647,0.12016843691390598
log_tau_obs,Austria,400,-0.024672966196244372,-0.16184300125509354,-0.14076980631863178,249.569673859588,289.9607788992786,284.7015485118063,-0.1735182719891999,0.11466505992969546
log_tau_obs,Germany,329,0.020942147586989646,0.01755434823659996,0.126681729428596,193.51974265937872,190.12262970607878,169.00432698071177,0.3711059492166989,-0.2533562116584433
log_tau_obs,Iceland,4,-23.73604097056304,-70.64828904993608,-0.5463255974740566,0.48745006543795777,34.92496318590906,0.753756513677118,-0.7999999999999999,-2.9228071554685204
log_tau_obs,Ireland,39,0.05068224696914547,-0.23472696153395645,-0.0338129094163413,10.863376227783533,13.413303521731375,11.230698584129213,0.05242914979757085,-0.23656759957628637
log_tau_obs,Norway,128,-0.10435958998095818,-0.39422789197114105,0.021801909716934076,28.751532967697933,40.08618920049226,28.12469464171273,0.3116816974913019,0.3056945799985094
log_tau_obs,Finland,116,0.24049102933158928,-0.09145176816834732,-0.07032323763640469,109.86342958065747,119.9106344728473,117.58938164660844,-0.024449313804636146,0.14145953564958857
log_tau_obs,Luxembourg,11,0.5381064151468102,-1.2037433753424711,-0.313139147264629,1.2528130786701062,2.7608785226616526,1.6451178978068377,-0.790909090909091,0.31848513949274065
log_tau_obs,Switzerland,65,0.11691918015007707,0.008269921160737659,0.03760492213638578,53.14414643227347,52.70464853112387,51.145664943683144,0.31783216783216783,-0.15486885704912898
log_tau_obs,Liechtenstein,1,-5.979507154599613,,,0.0,0.8826235747814704,0.0,,-0.9394804813201125
logit_ac1_obs,Denmark,263,0.14112897661112922,-0.33592269684091947,-0.1604983554732331,192.22367397427615,256.79596893238465,223.0752575301704,-0.01308073401061774,-0.35807210545927626
logit_ac1_obs,Great Britain,543,0.02143917342930446,-0.32985973681557224,-0.05193934799425182,695.4298236495443,924.8241222522828,731.5499952656593,0.006731514264480921,0.596605077718834
logit_ac1_obs,Czech Republic,14,0.09787535217779175,0.08407444783188778,0.1031222203131732,5.5345771857837045,5.069260664905976,4.963839297891055,0.3080309894763904,-0.08677613522117121
logit_ac1_obs,Estonia,36,0.7266910677161809,-0.5206731877574748,-0.15091641754791096,19.411538620203057,29.518606312861518,22.341058487857023,0.13384813384813385,-0.4465157650882521
logit_ac1_obs,Spain,46,0.13189689748027833,0.13130653352088184,0.36093907445956686,26.842681924409828,23.31806241051194,17.1541091546008,0.5632439099599137,-0.3660587163613989
logit_ac1_obs,Belgium,34,-0.62339193341883,-0.7431310389774186,-0.7430907229895982,17.958202280754897,31.303499799818933,31.302775797154506,-0.46279602750190985,0.004614563469332735
logit_ac1_obs,Sweden,106,0.6371757231630691,0.05769730515627536,0.0903915713404051,127.20755139520263,119.86801848417105,115.70906093822492,0.36498064080686327,-0.19807939960193166
logit_ac1_obs,Austria,400,0.1734890270415843,-0.2526642531350114,-0.019343120326197116,230.31652095159865,288.50927270248854,234.77156112947654,0.1277034856467853,0.36653005188187493
logit_ac1_obs,Germany,329,-0.20146899131783091,-0.22987664350655512,0.05069655080980462,349.32263074703707,429.62374460404567,331.61317824835527,0.24889238444223874,-0.5458062449332891
logit_ac1_obs,Iceland,4,-2.572778393960836,-3.095817625600964,-0.15234458950755947,1.6867477058473064,6.908610983551388,1.943714592697432,-0.6000000000000001,-1.1141023730849375
logit_ac1_obs,Ireland,39,-0.07574387138761352,-0.27138013005676087,-0.016428022961788802,50.460354624679844,64.15429222543574,51.289318489114095,0.12935222672064778,-0.5743440793149563
logit_ac1_obs,Norway,128,-0.03470359876180851,-0.06169710513537252,0.04814575359907547,105.38765807091752,111.88977149088961,100.31368985305151,0.26080960446804613,0.3007293430904444
logit_ac1_obs,Finland,116,0.5456239201132727,-0.13657539738818159,-0.13554374228945099,171.01387834219068,194.37016673566953,194.1937393961241,-0.06748164379348788,-0.038999042820417364
logit_ac1_obs,Luxembourg,11,0.1574624892316122,-0.341058756903045,-0.26130219303567137,4.414999282428398,5.920773449421263,5.568648277177854,-0.8454545454545455,-0.17891724146894097
logit_ac1_obs,Switzerland,65,0.252128600013092,0.050244830098414406,0.0533182699550907,64.90144854365887,61.64048628844175,61.44101558973164,0.3688374125874126,-0.05539657011183651
logit_ac1_obs,Liechtenstein,1,-0.09490087487685162,,,0.0,0.18219041747756412,0.0,,-0.42683769453688614
reg_lag,Denmark,263,-1.1036151719910903,-2.4521891549162596,-0.6012445371563555,218.61812359884127,754.7111153560622,350.0610761360175,-0.3324714321736495,-1.240400461552309
reg_lag,Great Britain,543,0.00921768554090363,-4.4196895388632695,-0.4425156886225108,213.97412628592608,1159.6733338192416,308.6610341267427,-0.2427615525535239,1.2518952848469047
reg_lag,Czech Republic,14,0.3181028415298234,-0.8079251200988145,-0.04178265019182548,42.41584193168309,76.68466611843048,44.188088217706365,-0.510451353989447,-1.5235432831941498
reg_lag,Estonia,36,-0.07073964056681503,-8.87799372383609,-0.3510693574492847,2.2491487413328333,22.217077150859566,3.0387559447604184,0.5132561132561133,0.7298843364628846
reg_lag,Spain,46,0.022976293455028718,0.02272819113395952,0.06720569421284783,71.27118496742308,69.65131985313971,66.48135550431513,0.3033610854147394,-0.2625114634691374
reg_lag,Belgium,34,0.6071887953848221,0.3090125929128765,0.46406378390423686,12.76774543713539,8.822351313954636,6.842697177652286,0.6660045836516425,-0.24129882232607655
reg_lag,Sweden,106,0.034474298224313915,0.0300195327063425,0.22536908570271097,234.56263194950364,227.52117134800974,181.6994660470225,0.6087024427619454,0.6574802192374756
reg_lag,Austria,381,0.3112313110385305,-0.04342030383739526,0.11363952338500061,1186.0210821989087,1237.5184779455417,1051.242211693262,0.3857109071065758,-0.699223915960869
reg_lag,Germany,321,-0.01617928407773972,-0.2965819648072874,0.07463628462569516,979.7527626684298,1270.3297620460007,906.6276566110977,0.29390077112787927,-1.0644380516689638
reg_lag,Iceland,4,-4.054693097438943,-23.70733207239903,0.26659215544221193,6.909169577634312,170.7071470991279,5.067239167617024,0.39999999999999997,-6.435058428862765
reg_lag,Ireland,39,0.7748627681484759,-4.17526979328237,-0.3117295041739516,4.576352192734836,23.683857266482136,6.002936192701442,-0.11437246963562754,0.6733178674368899
reg_lag,Norway,127,-1.0209089285931134,-1.090249910128815,0.27218995678244107,348.0140836618584,727.4364070977615,253.28814527025636,0.5380753187101611,1.9322139841465638
reg_lag,Finland,116,0.21618743177976363,0.10605988531592125,0.15422135461138164,148.26407848198744,132.5392073217171,125.39859145828713,0.4789451428132088,0.24810689894767304
reg_lag,Luxembourg,11,0.742359583607227,-0.3905872772381349,-0.03431776857738056,1.0438775742296722,1.451602873717989,1.0797011232452034,0.10909090909090911,0.183872918188026
reg_lag,Switzerland,65,0.5649321418476545,0.0873154077832562,0.26082128214905664,156.40384845754372,142.74738265060267,115.61039616980041,0.4301573426573427,-0.6461362857049976
reg_lag,Liechtenstein,1,0.3685131761647702,,,0.0,3.565159582464832,0.0,,-1.8881630179793354
logit_late,Denmark,263,-3.2725838309052175,-5.3304266331894254,-0.568803283050052,309.58120029891643,1959.7810755070107,485.6720033995158,-0.21725450370704644,-2.3674833601283813
logit_late,Great Britain,543,0.23069906896666736,-1.3901170518543018,-0.08939769529938135,767.6075835462316,1834.6719745665237,836.229932409592,0.15370240450048941,1.3560057001548864
logit_late,Czech Republic,14,0.23795077793928632,-0.33846207472867174,-0.08521002383625875,82.84818356766021,110.88915166547234,89.90767926425129,-0.8382843356464625,-1.2242044764201834
logit_late,Estonia,36,-0.17323656663522113,-3.5203079118868104,-1.6577316743734745,4.918112075917614,22.231380928316458,13.071022242284926,-0.216988416988417,0.5044347410174287
logit_late,Spain,46,-0.046913425956570665,-0.09653778280349479,-0.038480842374833735,67.79747670567879,74.34249478651661,70.40638072020148,0.103422756706753,-0.29251956702724596
logit_late,Belgium,34,0.7417672519696936,0.3974013601632439,0.45709959279043544,26.482027598181777,15.958033810783775,14.377103566787815,0.5917494270435447,-0.21563382933302067
logit_late,Sweden,106,-0.1421080685998597,-0.1462663619981548,0.10505963513878769,722.2221224789395,827.8589248885197,646.3457298021412,0.5887912859012437,1.308582680953085
logit_late,Austria,381,0.23034108152897304,-0.10072516561608946,0.16698331420507373,4956.85473218022,5456.13474601397,4129.142700967664,0.5671914098406784,-1.866257954678929
logit_late,Germany,321,0.055579045570808616,0.03168179205661703,0.06158438109944042,3929.8326875666025,3805.328545541821,3687.8163736784627,0.30709755403612926,-0.605046719092505
logit_late,Iceland,4,-1.8359027753111747,-6.601182482706011,0.28540556227911984,14.528542661358259,110.43410397676337,10.382015773997125,0.39999999999999997,-5.001302035539501
logit_late,Ireland,39,0.5788649662677581,-1.2852483148416924,0.015261317742215508,69.72670514155998,159.3428354242135,68.66258373927685,0.06336032388663967,1.5248392238489012
logit_late,Norway,127,-2.0554449126300423,-2.1292853536412295,0.22456405158167392,611.65295459514,1914.0366323259557,474.29768894935376,0.5194895357170922,3.366975959700572
logit_late,Finland,116,0.19216803811870342,0.0885254081820751,0.2571031675391491,180.42761464226106,164.45518640873675,134.0391034062028,0.5616191904047976,0.512062117414294
logit_late,Luxembourg,11,0.8690323747530093,0.17541744363533518,0.1791226028215197,1.4558821411579301,1.2004950177216678,1.1951007426323546,0.5363636363636364,-0.022144720465227297
logit_late,Switzerland,65,0.434937956309716,0.26655909953191237,0.2679394606949739,687.6966754824259,504.3848689147407,503.43559913193826,0.6713669398793243,-0.12084763342595166
logit_late,Liechtenstein,1,0.18215316235926182,,,0.0,81.84448649388604,0.0,,-9.04679426614124
reg_lag_obs,Denmark,213,0.27376325449157934,-1.2855065230632565,-0.9460658326223201,183.19232791091122,418.68726041553066,356.50433014596854,-0.4634458684802158,-0.5403134643549079
reg_lag_obs,Great Britain,534,-0.05054561318739603,-1.7366653672291026,-0.2154375077603543,423.2126009266934,1158.191267931033,514.3884689231177,-0.1125337927299896,1.0980087518394133
reg_lag_obs,Czech Republic,14,0.33626940376208647,-5.199853654545702,-0.05836540900426823,18.341896473493744,113.71707388248912,19.412428763083152,-0.2926294400025709,-2.5953893888889907
reg_lag_obs,Estonia,36,0.5384879637772193,-2.344701668720698,-0.409527415836916,6.933902068480393,23.19183381919227,9.773525064251414,0.0725868725868726,0.6105168292097746
reg_lag_obs,Spain,44,0.128535886573093,0.12211448726116159,0.12780791926365498,77.67222633704743,68.187322243466,67.74510070433374,0.48992248062015503,0.10025212978153379
reg_lag_obs,Belgium,29,0.46418264185411573,-0.4623974026161337,-0.3282166251874272,14.46584491507304,21.15481403045062,19.21377571358302,-0.031527093596059104,0.2587128828528941
reg_lag_obs,Sweden,105,0.1577406062704172,0.13352992337172875,0.23132976760215251,180.49653858836822,156.39484962180114,138.74231626372804,0.584855341219415,0.4100236155576677
reg_lag_obs,Austria,390,0.1612135993688354,-0.6911760569213643,-0.15944417983888814,1164.7195203177732,1969.7457657903547,1350.4272689771838,-0.200501930246132,-1.2601571908594569
reg_lag_obs,Germany,324,-0.016440228332506912,-0.12113259097944118,-0.02649206123706116,1506.6719201003925,1689.1789935381228,1546.5867648718527,0.23221482725818565,-0.663399933066164
reg_lag_obs,Iceland,4,-3.186326262158091,-10.065260438360664,0.2995930619915358,7.977878108342873,88.27729901431,5.58776117766919,0.7999999999999999,-4.546689395500884
reg_lag_obs,Ireland,38,0.7675221440375884,-0.8624539592526568,-0.015487590607218715,9.884162680916864,18.40879791897097,10.037244546014053,0.2351460772513404,0.46936556768732524
reg_lag_obs,Norway,128,-2.9146953693748054,-3.141991138009269,0.0810172976456045,180.11840802083788,746.0488498146481,165.52570134676122,0.5115363486540926,2.1296330898550027
reg_lag_obs,Finland,114,0.0208857098005375,0.020797334933757572,0.030498494362519946,92.28935679059192,90.36998412659693,89.47467036279346,0.1948968226645876,-0.08862070585956779
reg_lag_obs,Switzerland,64,0.3543065734381603,-0.13605082204102326,-0.04714261247535023,221.48289460116587,251.61582447967982,231.92417687126746,0.048305860805860794,-0.5546908994038419
reg_lag_obs,Liechtenstein,1,0.5095059604751999,,,0.0,2.9678356779003003,0.0,,-1.7227407459917758
logit_late_obs,Denmark,213,-0.22339976026523733,-0.75244182141634,-0.3604408472243774,1259.4721887829214,2207.1517365339673,1713.4374115633786,-0.44937772977348495,-1.5224676117966849
logit_late_obs,Great Britain,534,0.10661559190430181,-0.5142212314381256,-0.026702403796331042,2789.61334424819,4224.091753363722,2864.1027262019384,-0.07989453751163425,1.595868394014549
logit_late_obs,Czech Republic,14,0.5045464352595159,-2.243511442550881,-0.30508793644945853,14.271354767597177,46.28930248940451,18.625372943981542,-0.572057551884725,-1.4057008812440193
logit_late_obs,Estonia,36,0.2194577901439545,-0.7899223308765531,-0.36166814278441484,32.27515211136771,57.770015496574594,43.94804643357055,-0.20797940797940798,0.6196318141311381
logit_late_obs,Spain,44,-0.0031357181747242446,-0.014992782217816858,0.03556669201139517,174.97094757810177,177.59424888958532,168.74780977464945,0.3556025369978858,-0.44839205437915725
logit_late_obs,Belgium,29,0.37974487208152785,-5.431329329241841e-05,0.049348814690816645,147.62282030339628,147.6308381849321,140.33780910010825,0.058627910285815696,0.5014815665063375
logit_late_obs,Sweden,105,0.05390994194071275,0.05297181678193785,0.21161315563544703,563.4029422907744,533.5584648573428,444.179467778328,0.6759782185137887,0.9226204764742999
logit_late_obs,Austria,390,0.17206174789552509,-0.4996881433302196,0.0018933031822740976,3566.8751306095864,5349.2003421146255,3560.121954574029,0.15894828767241076,-2.141817097903862
logit_late_obs,Germany,324,0.029417289039615824,0.011981291810497674,0.02862380366180106,5578.939123281807,5512.0962256527655,5419.248665175848,0.2845636440504496,-0.5353191054705999
logit_late_obs,Iceland,4,0.05815819222033225,-0.7352670594057624,0.23147778244520834,34.599434821500864,60.039259519807146,26.59043437516232,0.7999999999999999,-2.8917479638034167
logit_late_obs,Ireland,38,0.7717853511387378,-0.06691237601616873,-0.0285437693668118,23.238986066044234,24.793961839929892,23.902314324631956,0.25899989057883793,-0.15318096584534913
logit_late_obs,Norway,128,-3.672079777729653,-3.6852770884243915,-0.055099207048198595,452.25586085923135,2118.944022989406,477.17480017547547,0.4457122746987066,3.581385493525353
logit_late_obs,Finland,114,0.2452283440211237,0.08855390706680888,0.1141224625266527,402.18816928335553,366.57283551726727,356.28946500565274,0.3008347407785117,-0.300341479798989
logit_late_obs,Switzerland,64,0.5103565051314176,0.22076910600914357,0.2368453376951929,436.80785387166895,340.374174474648,333.35195021352104,0.6058385843936802,-0.3312434966608537
logit_late_obs,Liechtenstein,1,0.5619928227864555,,,0.0,4.141534508342348,0.0,,-2.0350760448549208
